gauge_id,baseline_p_annual,future_p_annual,d_p_annual,baseline_pet_annual,future_pet_annual,d_pet_annual,baseline_aridity,future_aridity,d_aridity,baseline_p_summer,future_p_summer,d_p_summer,baseline_pet_summer,future_pet_summer,d_pet_summer,baseline_aridity_summer,future_aridity_summer,d_aridity_summer,baseline_seasonality,future_seasonality,d_seasonality,baseline_tas_mean,future_tas_mean,d_tas_mean
1001,985.6596189655168,948.2220749999985,-37.437543965518216,470.1769568965516,554.0826916666668,83.90573477011526,0.4759333801397425,0.5745884567048276,0.0986550765650851,202.14386206896563,189.12406333333342,-13.019798735632207,198.88619310344836,238.84842500000013,39.96223189655177,0.9812615093362087,1.251803845746654,0.27054233641044534,0.34673035603195845,0.3878122267279712,0.04108187069601277,7.82282910440615,10.570478888888898,2.747649784482748
2001,1124.5417137931004,1056.8119916666699,-67.72972212643049,456.8364793103447,543.3039683333316,86.46748902298685,0.4049885856880782,0.5026638271333401,0.0976752414452619,209.44820344827593,181.42036999999993,-28.027833448276,195.31768275862055,237.24176833333337,41.92408557471282,0.9290326370156624,1.2990590768454946,0.3700264398298322,0.4839905172541369,0.6080388408127397,0.12404832355860285,7.123606273946365,9.9897965,2.866190226053636
2002,1250.818549999999,1174.5684150000002,-76.25013499999886,458.7486155172415,548.3615533333332,89.61293781609169,0.36560608501187186,0.4558367566085093,0.09023067159663745,232.9846327586211,197.5047650000001,-35.479867758621,195.631925862069,240.3249099999999,44.69298413793089,0.8367897378595046,1.2088397555459196,0.372050017686415,0.50270397542199,0.6294722742087995,0.1267682987868095,6.900602859195441,9.768409671296276,2.8678068121008344
3003,1998.1106241379293,2006.2685383333337,8.157914195404373,451.3093465517242,527.7162666666673,76.40692011494303,0.22595611649729397,0.2557832627766257,0.02982714627933175,330.946060344828,301.4699466666667,-29.476113678161312,191.31695344827597,228.79780999999988,37.48085655172392,0.5755909313144967,0.7542924453652011,0.17870151405070445,0.6728928285574245,0.7121590157333623,0.03926618717593777,6.843676015325666,9.673346282407428,2.8296702670817613
4001,1894.4324724137937,1893.2916416666674,-1.1408307471263015,443.00662413793054,523.448086666668,80.44146252873747,0.23404521905022013,0.27027812261267803,0.0362329035624579,283.255527586207,241.074321666667,-42.18120591953999,191.19968275862072,233.54639666666668,42.346713908045956,0.6727900183882436,0.9658606736098891,0.29307065522164555,0.8296300035001629,0.9249406598059814,0.09531065630581848,6.412724166666694,9.299120967592561,2.8863968009258674
4003,1474.0121913793123,1401.0439499999968,-72.96824137931549,448.6875879310336,539.3043033333336,90.61671540229997,0.30439927639948894,0.37741413300284526,0.07301485660335633,244.11700862068955,208.8908033333336,-35.22620528735595,193.62337758620674,239.7213816666665,46.09800408045976,0.7912548796020782,1.1392992352638807,0.3480443556618025,0.6750187944988602,0.8154877271152666,0.14046893261640647,6.196581518199254,9.099428523148138,2.9028470049488835
4005,2299.263200000007,2347.861419999991,48.59821999998394,435.1826017241374,513.3489150000012,78.16631327586379,0.18998380474054172,0.21361554332588628,0.023631738585344564,324.1556189655172,278.1460783333338,-46.009540632183416,188.09437758620675,229.5046083333332,41.41023074712646,0.5783820130348731,0.8221616815636867,0.2437796685288136,0.8960928967160471,0.9866117437619778,0.09051884704593072,5.946177332375457,8.822316129629643,2.8761387972541854
4006,2350.064770689658,2427.302200000003,77.23742931034485,441.9266827586206,516.0685283333338,74.14184557471322,0.18926648857763553,0.20734722394117958,0.018080735363544043,347.403868965517,305.41497500000025,-41.98889396551675,190.88464482758593,229.76324499999998,38.87860017241405,0.5468592992849608,0.748357612684446,0.2014983133994852,0.847078433597077,0.9198386282155866,0.07276019461850958,6.635664391762447,9.495778597222213,2.860114205459766
5003,2407.0041793103355,2511.127639999999,104.12346068966326,435.3857517241385,515.5709500000014,80.18519827586289,0.18118582911603465,0.20071720585089664,0.019531376734861994,336.3730655172419,285.1572083333334,-51.2158571839085,188.86932758620696,231.8978183333333,43.02849074712634,0.5601226344615746,0.8119440530554451,0.2518214185938705,0.9065082920932854,1.0237715791564506,0.11726328706316513,5.778302337164756,8.670626509259211,2.8923241720944555
6007,1971.7056965517263,2034.8648166666653,63.159120114939014,448.4752896551737,533.6591716666669,85.18388201149321,0.2274586746649444,0.2563965933596381,0.0289379186946937,302.8362465517249,256.43299,-46.403256551724894,196.24633965517233,243.1794633333334,46.93312367816105,0.6461549363599042,0.9419585268645176,0.29580359050461347,0.8229994961252616,0.9582410320823164,0.1352415359570548,6.51085210727971,9.413010037037065,2.9021579297573545
6008,1423.3097051724112,1402.8930866666628,-20.416618505748374,458.0665689655185,551.6293833333332,93.56281436781467,0.32183335344008807,0.3848123909297526,0.06297903748966455,221.96591551724157,186.0483900000001,-35.91752551724147,197.9614637931037,248.95496999999975,50.99350620689606,0.8905601694978973,1.3277056695263352,0.4371455000284379,0.8086720074067884,0.9714097856767467,0.1627377782699584,6.633874257662832,9.524922046296274,2.8910477886334416
7001,1281.4548534482728,1219.3749133333326,-62.0799401149402,445.4981586206908,540.8467666666687,95.34860804597793,0.34788528289960996,0.4347362990154281,0.08685101611581814,253.74439999999979,218.8768733333333,-34.86752666666649,195.39570000000003,244.3000033333335,48.90430333333347,0.7688966881791743,1.1098065028382251,0.3409098146590508,0.4689877066910416,0.6099564257239145,0.1409687190328729,5.307988050766291,8.299629814814828,2.9916417640485378
7002,1120.8268586206934,1057.2946299999985,-63.53222862069492,456.1508672413784,555.0443383333343,98.89347109195586,0.40704907261418566,0.5145653164027312,0.10751624378854552,247.40476206896548,216.67455333333334,-30.730208735632146,199.9942672413796,249.7584216666669,49.7641544252873,0.8071286900634658,1.1446357360389485,0.33750704597548276,0.2733686030504052,0.3799876005269608,0.10661899747655557,5.962371537356304,8.933485097222233,2.9711135598659286
7003,885.7296517241359,823.2903783333325,-62.439273390803464,486.6842448275862,593.0271133333349,106.3428685057487,0.5494735337040604,0.7082452253980384,0.15877169169397798,236.8305655172411,211.94258333333352,-24.88798218390758,209.8492068965515,260.83400166666706,50.98479477011557,0.8860111293242391,1.2218675135604238,0.3358563842361847,-0.14171828578045928,-0.08270583682867619,0.05901244895178309,7.36714409003833,10.269905962962977,2.9027618729246463
7005,906.2644551724132,840.9869400000005,-65.27751517241279,471.4527603448279,576.2742816666669,104.82152132183899,0.5202220326226548,0.6716238960871193,0.1514018634644645,236.27588620689664,210.01747166666672,-26.25841454022992,205.35156034482762,256.1795966666667,50.82803632183911,0.8680357910901215,1.2106478988724367,0.3426121077823152,-0.07873883386752606,0.00032299846845100337,0.07906183233597706,6.66413357279691,9.622167685185184,2.9580341123882743
7006,1019.3426224137927,946.1458799999962,-73.19674241379653,475.2159568965514,583.2776766666668,108.06171977011542,0.4661998232518764,0.6048496831319395,0.13864985988006312,263.11980172413826,232.77834833333358,-30.341453390804674,204.2912672413794,255.18584333333376,50.89457609195438,0.7764492826506644,1.0886371817169982,0.3121878990663338,-0.0776549475477114,-0.0034341849306867437,0.07422076261702466,6.461297926245214,9.41363951851854,2.952341592273326
8004,1133.644722413794,1047.2466533333275,-86.39806908046648,449.4182137931025,550.0739850000007,100.65577120689818,0.39643929095546604,0.517382075981949,0.12094278502648292,260.43744137931026,231.7433633333334,-28.694078045976852,199.749272413793,250.08319333333304,50.33392091954005,0.7663662947498854,1.0789797545355442,0.3126134597856588,0.15444078357267338,0.2836686649186212,0.12922788134594781,5.480971695402295,8.554495379629635,3.0735236842273403
8005,1392.9107258620704,1355.7059649999965,-37.204760862073954,440.4045465517233,532.0686050000006,91.66405844827733,0.3164779693349697,0.38589171212254725,0.06941374278757756,248.97537413793162,208.89807833333327,-40.07729580459835,195.89956379310362,245.53836499999954,49.63880120689592,0.7861542376579541,1.1732433822443102,0.3870891445863561,0.6408983960664832,0.8294216627946109,0.1885232667281277,5.586742045019138,8.632724000000007,3.045981954980869
8006,1189.4773568965502,1131.6827166666685,-57.79464022988168,448.5307741379311,544.6082666666656,96.07749252873452,0.3772397858995048,0.473221269985509,0.09598148408600421,244.39662241379312,211.77141,-32.62521241379312,199.5447568965521,249.36886166666687,49.824104770114786,0.8156220021967672,1.174854921492797,0.35923291929602985,0.39686841409765905,0.5453594283123777,0.14849101421471866,5.895649133141762,8.929895388888895,3.0342462557471324
8009,1063.7454258620667,1001.3730583333323,-62.372367528734344,452.2726637931031,549.8848500000015,97.6121862068984,0.42522469389273365,0.5396482614764707,0.11442356758373706,225.40247586206868,196.07617,-29.326305862068693,200.21519827586167,250.57353333333302,50.35833505747135,0.8871931188895612,1.2737140070258415,0.38652088813628027,0.36496165005935577,0.5058850082252337,0.14092335816587798,5.89025177203067,8.891992967592596,3.0017411955619266
8011,1011.1432879310339,921.9390333333331,-89.20425459770081,452.2806810344837,552.7888750000014,100.50819396551776,0.44729880670324174,0.5909293858641403,0.1436305791608986,241.57571551724115,219.68663999999995,-21.889075517241196,201.27733793103445,251.2059816666664,49.92864373563194,0.8326035279591923,1.1431993170453216,0.3105957890861293,0.038653334159948316,0.143884948351898,0.10523161419194968,5.936465771072781,9.004436013888863,3.0679702428160827
8013,1379.6447206896519,1331.8026916666645,-47.84202902298739,434.84885862068876,528.6967000000006,93.84784137931189,0.31555213553630945,0.39050571298586745,0.074953577449558,261.895731034483,217.02780500000034,-44.86792603448265,193.00023793103475,242.99332333333348,49.99308540229873,0.7369353926667706,1.1194544873442238,0.38251909467745326,0.5452774622905949,0.7608016392177148,0.2155241769271199,4.974414176245225,8.059205662037055,3.08479148579183
9002,947.2272172413777,871.9615999999985,-75.26561724137923,482.6916431034474,587.75332,105.06167689655263,0.509583921420147,0.6640925905852415,0.15450866916509454,229.75121034482723,211.04208166666706,-18.70912867816017,210.55002068965518,262.83393500000034,52.28391431034515,0.9165059708913021,1.2412660811902338,0.3247601102989317,-0.020704501139443162,0.057489553444547245,0.07819405458399041,7.0889106704980716,10.06195512037037,2.973044449872299
9003,927.5627275862073,859.5680316666674,-67.99469591953994,487.79639999999955,593.4871050000002,105.6907050000006,0.52589194725815,0.6801983520999081,0.15430640484175806,236.68090689655202,217.34678833333354,-19.33411856321848,211.0381293103452,262.3066499999994,51.268520689654224,0.8915546701528003,1.2020356069488654,0.31048093679606503,-0.09759736275731934,-0.041369291036605305,0.056228071720714035,7.268201695402327,10.21506902777778,2.9468673323754526
9004,983.6667120689647,896.1941200000007,-87.47259206896399,476.99222758620647,583.0015716666667,106.00934408046021,0.4849119921736318,0.6408741819543005,0.15596218978066867,231.30111379310335,213.290441666667,-18.01067212643636,209.5081517241378,262.84843666666643,53.340284942528626,0.9059729599022583,1.2294208987740511,0.3234479388717928,0.009007856218081001,0.1025408106220456,0.0935329544039646,6.785665162835211,9.796691643518537,3.0110264806833262
9005,1070.026101724136,967.528256666666,-102.49784505746993,463.4115741379313,569.6354700000006,106.2238958620693,0.43308437771951935,0.5789025905765344,0.14581821285701502,245.3245827586207,225.10523499999982,-20.21934775862087,203.52297586206896,255.68806833333338,52.165092471264416,0.8298291714161106,1.1348976919350098,0.3050685205188992,0.04841678305314039,0.15164727040606435,0.10323048735292395,5.965572073754787,9.015617199074065,3.0500451253192775
10002,839.2304224137911,804.2397349999966,-34.99068741379449,502.24028103448234,599.2705533333308,97.03027229884844,0.5975340698656955,0.7330192489791718,0.13548517911347635,190.4453689655175,171.96810333333354,-18.477265632183958,215.454196551724,265.1691300000002,49.71493344827621,1.1286424278234781,1.526107761668697,0.397465333845219,0.1105798066217152,0.211310404077407,0.10073059745569181,8.086530871647504,10.91477949999998,2.828248628352476
10003,845.6224879310327,797.2383616666662,-48.3841262643665,503.53145862068953,607.7864166666668,104.25495804597728,0.5954563973323903,0.7517804357703494,0.15632403843795906,201.40494827586218,183.27907666666664,-18.125871609195542,217.33519137931046,271.5895249999999,54.254333620689465,1.0782549972079591,1.4728382129561117,0.3945832157481526,0.030527527282894956,0.13896845999988747,0.10844093271699251,7.959959990421451,10.858237722222231,2.89827773180078
11001,904.3428500000031,831.5117283333309,-72.83112166667217,483.9461827586201,591.3920550000048,107.44587224138468,0.5351352552186013,0.7007606211238153,0.16562536590521404,213.75894827586242,197.4814216666667,-16.277526609195718,212.53890862068957,267.6486983333332,55.10978971264362,0.9944501909971989,1.3518039558591508,0.3573537648619519,0.03239945639850944,0.12740940432900655,0.09500994793049711,7.04958896072797,10.056426398148147,3.0068374374201774
11003,987.1268741379298,896.221203333333,-90.90567080459675,465.82836034482875,571.5301883333341,105.70182798850533,0.47190366304640985,0.6278763299106933,0.15597266686428346,228.71228275862094,210.64831166666661,-18.06397109195433,206.632756896552,260.14282833333345,53.51007143678146,0.9034674133147644,1.235358723020859,0.3318913097060945,0.06960554597357922,0.17133153209324112,0.1017259861196619,6.17873424808429,9.23989080092592,3.06115655284163
11004,902.076403448277,833.8967749999983,-68.17962844827866,490.7243258620683,598.6847049999983,107.96037913792998,0.5439946242815855,0.7078550543039266,0.16386043002234107,215.85878965517253,201.15086500000018,-14.707924655172349,214.33454827586198,269.7357266666669,55.401178390804915,0.9931312215132215,1.336112516850826,0.3429812953376046,0.0038036923510105384,0.08691885804499266,0.08311516569398213,7.368366968390805,10.35306747685187,2.9847005084610645
12001,1165.6706051724134,1094.4452833333346,-71.22532183907879,449.1716431034474,548.6968,99.52515689655263,0.3855414776861187,0.4951439930996068,0.10960251541348814,240.892081034483,205.13922000000014,-35.75286103448286,201.20956551724117,253.61371166666657,52.4041461494254,0.835345432451096,1.237156023837623,0.40181059138652686,0.3272699649011015,0.5398004324843695,0.212530467583268,5.60722756704981,8.714272712962975,3.1070451459131654
12002,1138.6819482758592,1067.493925000002,-71.18802327585718,457.8002155172404,558.5835583333339,100.78334281609352,0.4024590762187323,0.5167643650000011,0.11430528878126883,238.16256724137958,204.37937666666664,-33.78319057471293,204.45296896551756,257.4183683333329,52.965399367815365,0.8586071343806737,1.2600095943355694,0.40140245995489565,0.29609065423211317,0.5049996365742899,0.20890898234217675,6.0039668582375425,9.083328421296287,3.079361563058744
12005,1427.882181034484,1343.9882699999935,-83.89391103449043,447.9996103448269,550.543008333334,102.54339798850708,0.31421427273742786,0.40441213544387844,0.09019786270645058,274.3437862068964,232.59365333333338,-41.75013287356305,199.77045689655196,253.27882333333326,53.5083664367813,0.7282352962924751,1.08974062388852,0.36150532759604503,0.3874130481190789,0.6174842090913055,0.23007116097222663,5.10605573275862,8.250221759259247,3.1441660265006277
12006,1038.743570689654,949.7500366666673,-88.99353402298675,450.6682758620693,553.8485916666659,103.1803158045966,0.43385956157471833,0.5760088318847791,0.1421492703100608,227.57463965517218,197.60063000000025,-29.974009655171926,201.57623448275882,255.4489766666664,53.872742183907576,0.8858739739753754,1.2951849562603375,0.4093109822849621,0.2316338774692997,0.41637082180379437,0.18473694433449467,5.320715660919542,8.418380717592612,3.09766505667307
12007,1399.5626551724138,1352.335250000002,-47.22740517241186,430.3563500000004,525.9655699999998,95.60921999999942,0.30779647248316466,0.38301857328423006,0.0752221008010654,273.0108689655174,222.3927583333333,-50.618110632184084,192.88744137931027,243.52977666666658,50.6423352873563,0.7065171484306114,1.0964366301090074,0.38991948167839596,0.4677467808242922,0.6932916464265976,0.22554486560230536,4.615676020114957,7.741977439814828,3.126301419699871
12008,1202.6461120689664,1126.035276666667,-76.61083540229947,478.83570344827467,583.218765000001,104.38306155172631,0.3996781292757521,0.5130529008037699,0.11337477152801778,254.46922586206887,219.69103666666695,-34.77818919540192,211.64993965517195,266.249701666667,54.59976201149507,0.8347750935192814,1.2119042008561356,0.37712910733685423,0.2428353215038706,0.45993388882376296,0.21709856731989235,6.7223656034482815,9.737821129629609,3.015455526181327
12009,1312.7541344827584,1236.9305000000018,-75.82363448275669,477.5942672413786,585.6004933333336,108.006226091955,0.3652496756207772,0.46854096654184746,0.10329129092107026,273.3415741379313,235.55636333333337,-37.78521080459791,210.48122758620696,267.2958233333334,56.81459574712642,0.7721164266978148,1.134723523749499,0.36260709705168426,0.2705972777485116,0.496188083344798,0.22559080559628641,6.17773602490422,9.198449837962993,3.020713813058773
13001,911.0497810344816,867.4504666666671,-43.599314367814486,505.7710620689673,612.6170799999998,106.84601793103246,0.5572593018898067,0.6967015025537415,0.13944220066393487,209.79211206896537,180.50102666666697,-29.291085402298393,222.2547465517241,279.08032666666634,56.82558011494223,1.062103800555423,1.54071057314923,0.478606772593807,0.07215138952746433,0.31595508953422197,0.24380370000675763,7.838900316091959,10.789860662037004,2.9509603459450453
13004,1288.5844327586206,1279.7499533333303,-8.834479425290283,459.79508448275897,563.5476333333331,103.75254885057416,0.3582099511198942,0.4352287408389769,0.07701878971908271,266.2821948275858,219.28647000000004,-46.99572482758575,208.08819482758622,266.33519999999976,58.24700517241354,0.7815055207956334,1.2145606384451169,0.43305511764948346,0.31881529266703,0.6320584285117998,0.3132431358447698,6.172189305555566,9.238795972222238,3.0666066666666723
13005,825.713125862065,800.7917566666661,-24.92136919539894,520.2349689655172,634.4739100000006,114.23894103448345,0.6344904489177845,0.7822118690781495,0.14772142016036505,207.93348620689648,170.56413166666673,-37.36935454022975,228.09015344827571,290.6782466666666,62.588093218390895,1.097336994961095,1.7065269540606947,0.6091899590995997,-0.02077376731498441,0.31772434406719896,0.3384981113821834,8.218731235632145,11.177965097222234,2.9592338615900893
13007,1138.6529982758611,1093.8408383333344,-44.812159942526705,482.1442327586212,588.251574999998,106.10734224137678,0.42509800898700056,0.5326551433271451,0.10755713434014458,244.51873965517274,207.57630333333344,-36.942436321839295,214.6548120689656,272.1629283333332,57.50811626436757,0.8781484598796225,1.3111112364988267,0.4329627766192041,0.22585657070825466,0.48916915262740773,0.2633125819191531,6.853144099616841,9.890283907407387,3.0371398077905454
13008,1155.2207879310363,1136.7881366666666,-18.432651264369724,474.4633379310344,579.9234049999991,105.46006706896469,0.41249382439278004,0.5047721478226326,0.09227832342985254,247.50535344827608,204.2809216666668,-43.22443178160927,212.91973103448254,271.8988666666668,58.97913563218424,0.8603564396207888,1.3309561948138446,0.47059975519305586,0.25660922760393123,0.5660723482127781,0.30946312060884684,6.743553386015305,9.792482814814814,3.048929428799509
14001,861.8828586206876,820.1842299999988,-41.69862862068874,520.2575396551722,639.374716666667,119.11717701149485,0.607770225742964,0.7705782698718623,0.16280804412889827,207.79743448275875,164.30657166666674,-43.490862816092005,229.00217068965543,297.78320666666673,68.7810359770113,1.102148102201582,1.8067998801477891,0.7046517779462071,0.09288868453812818,0.49384152780052887,0.40095284326240066,8.28864455459772,11.272291703703756,2.9836471491060355
14002,847.740406896548,830.3493366666654,-17.391070229882644,516.4511155172405,634.8124716666676,118.36135614942714,0.6146519919747979,0.7518928098179134,0.13724081784311548,221.43194137931016,184.51090666666659,-36.921034712643575,227.63378965517228,293.8027266666662,66.16893701149394,1.0298030546689227,1.58354282875802,0.5537397740890972,-0.06843200531475421,0.2747305195340898,0.343162524848844,7.966219530651321,10.94874211111112,2.982522580459799
14005,768.3320741379293,731.4009049999981,-36.93116913793119,526.2689844827576,647.4953433333327,121.22635885057514,0.6905558770455338,0.8734190169969154,0.1828631399513816,196.27199482758658,156.80746000000028,-39.464534827586306,230.3205155172417,299.3897616666668,69.06924614942511,1.1778412126810673,1.9002348448051722,0.7223936321241049,-0.014378096076194877,0.3811062186794374,0.3954843147556323,8.423075996168556,11.400781393518534,2.977705397349977
15006,1567.614593103448,1563.7455933333345,-3.8689997701135326,462.3788879310331,563.415080000001,101.03619206896792,0.2953908127086813,0.3541652721172482,0.058774459408566904,282.198467241379,226.68497833333322,-55.51348890804576,204.74602758620725,261.30239166666655,56.5563640804593,0.7255351411728219,1.1490800460013055,0.4235449048284836,0.5957463750586407,0.8403494396221176,0.2446030645634769,6.37674386015326,9.386063601851845,3.009319741698585
15007,2154.5371827586223,2187.527430000003,32.99024724138053,453.30979827586157,549.7474750000001,96.43767672413856,0.2104163423227438,0.24661293498576087,0.03619659266301706,346.81418448275815,269.64807333333334,-77.16611114942481,200.44306206896576,254.9824599999999,54.53939793103413,0.5779455707209855,0.9423204250799377,0.3643748543589522,0.7481537658181003,1.011290053268819,0.2631362874507186,6.108586149425276,9.094480527777772,2.985894378352497
15010,1158.9249965517233,1157.2840683333302,-1.6409282183931282,474.05267241379414,581.7102849999987,107.6576125862046,0.4109982772243922,0.494933188664617,0.0839349114402248,253.41883275862082,210.05032166666672,-43.368511091954105,211.78184655172402,272.51016999999996,60.728323448275944,0.8357890969087691,1.297336361911897,0.4615472650031278,0.25590821270128905,0.5692906427284078,0.31338243002711874,6.5921778352490525,9.6292676111111,3.0370897758620474
15011,2209.6843275862107,2222.6486766666694,12.96434908045876,446.1261275862072,540.8092766666662,94.68314908045897,0.20189659532263715,0.23874177004365366,0.036845174721016505,345.4770586206893,271.65870333333385,-73.81835528735547,197.13500172413768,250.67023333333356,53.535231609195876,0.5706045512669615,0.9186270666032745,0.348022515336313,0.7870124145368323,1.0377973602208133,0.2507849456839809,5.583225383141768,8.573184185185188,2.98995880204342
15012,1642.8198086206887,1633.6543833333296,-9.165425287359085,448.19344137931074,543.010118333332,94.81667695402126,0.2728827256596009,0.3261970771172815,0.0533143514576806,277.41034827586213,224.60512999999963,-52.8052182758625,198.60444655172375,251.669695,53.065248448276236,0.7158834078032141,1.1155732477490623,0.39968983994584817,0.6981350127441093,0.9281176744998331,0.2299826617557238,5.919536834291189,8.940310263888897,3.020773429597708
15013,1520.0873103448293,1479.2089649999996,-40.87834534482977,474.50813275861873,585.9486566666669,111.44052390804819,0.31318026383920544,0.39055876883361906,0.07737850499441362,292.29263275862064,224.64461833333337,-67.64801442528727,210.2352034482759,273.4348016666666,63.19959821839069,0.7192790413216508,1.215538119291808,0.4962590779701572,0.46480574927441326,0.7986923029787711,0.3338865537043579,6.489058625478927,9.487763953703702,2.9987053282247746
15014,1237.761434482759,1224.596873333335,-13.16456114942389,450.54512586206766,552.4541883333341,101.9090624712664,0.36471618370942605,0.4429869420340623,0.07827075832463626,257.4290913793106,208.5498066666667,-48.87928471264388,201.9421500000001,258.95617000000027,57.01402000000016,0.7844607127768866,1.24134107219653,0.45688035941964333,0.3634951326138843,0.6423479446798954,0.27885281206601115,5.7254115229885,8.777451685185202,3.052040162196702
15016,2365.730556896551,2434.883801666653,69.15324477010199,453.47086724137864,548.1262733333328,94.6554060919542,0.1916840542455323,0.2208947410014404,0.0292106867559081,376.216289655172,289.7348100000008,-86.4814796551712,200.39843103448237,254.2633216666663,53.864890632183915,0.5326654359252658,0.8747438605979923,0.3420784246727264,0.7603945554415642,1.0291289114469415,0.2687343560053773,6.257501010536398,9.239092694444464,2.981591683908066
15021,954.4267396551725,940.628130000001,-13.798609655171504,496.69675172413974,610.3282666666671,113.63151494252736,0.5226821612711077,0.6385001163447785,0.11581795507367088,223.0622827586205,186.43143500000036,-36.63084775862015,220.01235000000014,284.8540733333339,64.84172333333373,0.9864105476493393,1.5238300108893217,0.5374194632399824,0.16442699009876993,0.4676030808587852,0.3031760907600153,7.7696745498084425,10.765289689814818,2.9956151400063753
15023,1478.5434396551705,1425.1906500000052,-53.352789655165225,470.1851827586189,578.3201916666674,108.13500890804846,0.31900177075454494,0.40028650628538376,0.08128473553083881,287.1054568965521,224.41987499999965,-62.685581896552435,208.18552586206906,269.1879866666666,61.00246080459752,0.7251589918046057,1.1977133548415564,0.47255436303695064,0.45379788785339004,0.7741803808013727,0.3203824929479827,6.4136241906130245,9.403680912037036,2.9900567214240112
15024,2789.959450000006,2930.6874866666685,140.72803666666232,452.10341379310205,543.0820650000012,90.97865120689914,0.1620481361202136,0.18138869513619288,0.01934055901597928,441.74847586206965,341.68485333333365,-100.063622528736,198.98066206896567,251.0143700000002,52.03370793103454,0.4504467228106547,0.7309913141695893,0.2805445913589346,0.7639926332901406,1.0266632413639436,0.26267060807380305,6.310595531609216,9.275946810185186,2.9653512785759695
15025,1210.7551948275884,1203.0244199999997,-7.730774827588675,457.7106034482759,561.0684333333322,103.35782988505633,0.3790747648084922,0.4586288250098166,0.07955406020132438,256.5568224137926,209.4290233333334,-47.1277990804592,205.30861206896535,263.62879999999984,58.320187931034496,0.8002731951353823,1.2586460204988,0.4583728253634176,0.3238341397778723,0.6150963041721644,0.29126216439429214,6.079358668582378,9.124752912037025,3.0453942434546466
15030,866.1898931034477,852.4486366666654,-13.74125643678235,512.8274448275861,628.232858333334,115.4054135057479,0.596949208253055,0.7262393119354571,0.12929010368240212,215.8992086206894,180.25363333333382,-35.64557528735557,225.6238379310345,289.6672416666669,64.04340373563238,1.0453750647337854,1.6047140730196432,0.5593390082858578,0.017180083689005338,0.35505600181148655,0.3378759181224812,8.057506087164747,11.039661745370356,2.9821556582056097
15039,1394.4928896551742,1369.416226666664,-25.07666298851018,434.3943603448288,531.6299666666678,97.23560632183899,0.31200104351359703,0.38100363945210497,0.06900259593850794,271.74282931034463,217.98971500000005,-53.753114310344586,193.21200862068974,245.46992666666733,52.25791804597759,0.7110030871151165,1.125654463181236,0.41465137606611946,0.4742651880333773,0.723615435347253,0.24935024731387573,4.711308127394638,7.806268263888912,3.094960136494274
16001,1665.2497982758691,1688.0814783333367,22.831680057467565,473.6581275862078,579.3446450000009,105.68651741379313,0.28517860943425816,0.33751521044160027,0.05233660100734211,297.9293913793104,226.1044183333334,-71.824973045977,209.7611086206894,270.25211666666667,60.49100804597725,0.704055427386002,1.1922707255491993,0.4882152981631973,0.5952953754390823,0.9086398235841868,0.31334444814510454,7.045410306513416,10.04009706481484,2.994686758301425
16003,2136.7016068965568,2206.9612250000046,70.25961810344779,469.0399741379308,575.882801666668,106.84282752873719,0.22011507760298435,0.25580281504607216,0.035687737443087814,371.80061551724174,284.07003333333347,-87.73058218390827,207.3288551724135,268.417775,61.088919827586494,0.5576280391638472,0.9416348945759774,0.3840068554121302,0.6388877336569425,0.9441213117288727,0.3052335780719302,6.582994492337171,9.567985925925928,2.984991433588757
16004,1556.8700810344787,1569.8024933333304,12.93241229885166,479.36868448275845,586.6007150000007,107.23203051724226,0.30881422711361195,0.3677679332257229,0.058953706112110926,286.92412931034477,218.39759666666697,-68.5265326436778,212.08396379310335,273.6311933333336,61.54722954023026,0.7391569704727627,1.2493814200261415,0.5102244495533788,0.5577352889587703,0.884566468843581,0.3268311798848107,7.294862782567034,10.288889759259288,2.994026976692254
17001,1703.9439724137906,1703.4375250000007,-0.5064474137898287,499.7110431034454,615.7210166666653,116.00997356321989,0.2945827583820054,0.35386141425678785,0.05927865587478243,336.5077017241381,262.1487733333331,-74.35892839080498,217.4058051724138,283.6332583333333,66.22745316091948,0.6460634897188718,1.0728223557407686,0.4267588660218967,0.4666854454493963,0.7915204414487547,0.3248349959993584,7.609156872605384,10.539961152777767,2.9308042801723833
17003,1282.2567448275895,1261.2739800000004,-20.982764827589108,512.1846758620688,629.0209399999993,116.83626413793047,0.40168872866151106,0.4893623195829675,0.08767359092145643,274.285648275862,213.95997333333307,-60.325674942528934,222.76554137931032,289.9782250000003,67.21268362068997,0.8121809970940359,1.343670880978891,0.5314898838848552,0.3518087903072281,0.7014001837822861,0.34959139347505797,8.401393726053627,11.337249967592546,2.9358562415389198
17004,947.6306120689651,914.7461966666668,-32.88441540229826,518.5913844827585,638.7586116666662,120.1672271839077,0.5502756295207258,0.6882621057783438,0.13798647625761795,224.69584482758637,177.7652416666668,-46.93060316091956,228.6718362068968,297.6619700000001,68.9901337931033,1.017782927275067,1.6628603225646321,0.6450773952895652,0.15249480548836414,0.5546555970401974,0.40216079155183326,8.249417040229847,11.224499564814806,2.975082524584959
17005,1091.357929310346,1064.5853266666654,-26.772602643680557,510.05770689655174,627.0553199999995,116.99761310344775,0.46997842555820746,0.5790749541133606,0.10909652855515317,243.8867586206899,192.27476000000007,-51.61199862068983,223.18266206896521,290.6631616666668,67.48049959770157,0.9150596808719316,1.4981037691838295,0.5830440883118979,0.2797176372399498,0.627714667821137,0.34799703058118725,8.126850536398443,11.069964351851869,2.943113815453426
17015,1346.631334482754,1314.4809233333287,-32.15041114942528,502.19653275862083,622.9631483333326,120.76661557471175,0.37518499484498313,0.46814097666063104,0.0929559818156479,284.93211379310344,221.58190333333368,-63.350210459769755,221.3294396551724,291.4420316666668,70.11259201149443,0.7767863127615973,1.3104766270370536,0.5336903142754563,0.3702977227910972,0.761813554901378,0.39151583211028085,7.3713791475095665,10.362762995370375,2.991383847860808
17018,1074.8868603448298,1035.5336549999975,-39.353205344832304,511.1584499999997,630.108175000001,118.94972500000131,0.4783145830245552,0.6009483130609841,0.12263373003642886,235.84936896551704,184.06824833333337,-51.78112063218367,224.78047068965517,293.68709666666666,68.90662597701149,0.9531356899098182,1.5891185024488323,0.6359828125390141,0.29438924566848534,0.6927971343303068,0.3984078886618214,7.9514888649425135,10.939155870370369,2.9876670054278556
18001,1548.9652310344795,1561.151741666658,12.186510632178397,492.9708568965515,607.1838983333323,114.21304143678083,0.31950846424563506,0.3822294286759356,0.06272096443030056,302.6869120689655,233.08596833333368,-69.60094373563183,216.14792758620717,281.7137733333332,65.56584574712605,0.7140961444611367,1.2041210927526467,0.49002494829151,0.4745679837126285,0.8188783960630664,0.34431041235043797,7.509676120689653,10.489797509259239,2.980121388569586
18002,1451.1280810344856,1436.9725666666627,-14.155514367822889,496.2494999999992,615.100366666668,118.85086666666882,0.3438274496129642,0.42127421422141037,0.07744676460844618,309.309455172414,241.95923166666705,-67.35022350574695,218.71333103448245,287.20960166666725,68.4962706321848,0.7071025874271198,1.1812981465267418,0.47419555909962197,0.3464609429894092,0.7223566096009801,0.3758956666115709,7.259825598658987,10.23874083796299,2.978915239304003
18003,2177.569427586203,2285.255751666664,107.68632408046096,466.01710172413675,565.8573750000014,99.84027327586466,0.2141465387365699,0.2421415751986841,0.02799503646211418,375.9316620689649,286.4710083333331,-89.46065373563181,205.71223103448258,263.05479166666703,57.342560632184444,0.5472120543354857,0.9120422733965715,0.3648302190610858,0.6464451041675866,0.9451555911551948,0.29871048698760816,6.983723534482769,9.942685083333311,2.9589615488505423
18008,2406.202246551723,2531.0386766666625,124.8364301149395,455.4673879310344,551.7487633333328,96.28137540229841,0.18929215918437464,0.21318223746096132,0.02389007827658668,399.312025862069,303.73262833333354,-95.57939752873546,201.39743448275823,256.5788550000003,55.18142051724209,0.5043710528222594,0.8393146970387777,0.33494364421651834,0.6972118252876851,0.9907357738047218,0.29352394851703667,6.483244750957864,9.457345004629662,2.974100253671798
18010,1810.2983413793095,1888.6207599999923,78.32241862068281,489.67467586207044,593.046068333331,103.3713924712606,0.27103537863795435,0.30729317533373735,0.036257796695782996,335.5766620689658,256.0960033333335,-79.48065873563229,214.68038103448237,274.74795833333326,60.06757729885089,0.6397323406461743,1.0639011076844154,0.424168767038241,0.5532181905368878,0.8546715958234821,0.30145340528659426,8.16658702586205,11.076296000000006,2.9097089741379563
18011,1936.370767241382,2022.125778333334,85.75501109195193,478.9083413793089,581.4568533333329,102.54851195402398,0.24766241041165113,0.281316322904818,0.033653912493166876,346.7779379310341,264.827496666667,-81.9504412643671,210.69527068965553,269.8815716666669,59.18630097701137,0.6075794534671806,1.011598945442671,0.4040194919754905,0.5994316160308688,0.8995770739469734,0.3001454579161046,7.585647820881232,10.524096893518522,2.9384490726372894
18014,1523.9388844827536,1527.1424533333366,3.2035688505829967,501.0194706896557,615.9309716666655,114.91150097700984,0.3300949166945726,0.39530486521637265,0.06520994852180007,293.6388879310348,229.79396833333385,-63.84491959770094,219.90872241379319,286.18203500000016,66.27331258620697,0.7489049923912734,1.235410543577544,0.4865055511862706,0.5043345873283152,0.8270967786327434,0.3227621913044283,7.975179722222219,10.908332569444461,2.9331528472222423
18017,2713.6976137930974,2833.165923333334,119.46830954023653,453.0211103448267,549.4733266666655,96.45221632183876,0.16693955310254316,0.1895660836710482,0.022626530568505054,435.79418275862054,330.8073766666665,-104.98680609195401,199.5647913793102,254.35340333333338,54.78861195402317,0.4579475725780826,0.7657198484867123,0.30777227590862966,0.741112750561429,1.0186949086105894,0.2775821580491604,5.904571412835253,8.889188208333323,2.98461679549807
18018,2372.5858862068985,2459.804004999992,87.21811879309325,445.43667586206965,540.4782533333337,95.04157747126402,0.1878194521022447,0.21476450354336946,0.026945051441124745,388.99205517241387,294.31964666666704,-94.67240850574683,196.25277758620695,249.86993000000035,53.617152413793406,0.5045202294589828,0.8440330706931383,0.3395128412341555,0.7208190556293195,1.0122862274933118,0.2914671718639923,5.793481139846752,8.783887967592579,2.9904068277458267
19001,996.3442827586213,953.7437033333293,-42.600579425291926,508.72353275862054,624.0982166666677,115.37468390804713,0.5123983048319909,0.6448226113800379,0.13242430654804704,235.06255517241385,186.68981000000025,-48.3727451724136,223.86670517241419,289.750865,65.88415982758579,0.9522999343338145,1.5374948388540912,0.5851949045202767,0.18629694917743375,0.5328313253577954,0.34653437618036165,8.039536360153264,10.997438555555558,2.957902195402294
19006,949.412174137932,893.6293600000004,-55.78281413793161,505.1629568965502,620.6037083333325,115.4407514367823,0.533719684715694,0.6865790306912785,0.15285934597558448,229.89642586206884,184.85663833333354,-45.0397875287353,223.1657103448277,287.9646250000003,64.79891465517261,0.9701538786663402,1.5443879443915416,0.5742340657252014,0.12706096784500465,0.46972564454453336,0.3426646766995287,7.733311216475082,10.712131972222231,2.978820755747149
19010,826.0047620689651,773.2783033333303,-52.726458735634765,516.1037465517243,635.4115933333328,119.30784678160853,0.6264115007683146,0.8090768471836958,0.18266534641538112,206.97663793103465,169.18431833333358,-37.792319597701066,225.53043103448297,291.1592850000004,65.62885396551744,1.0887666654828005,1.7040639334983951,0.6152972680155946,0.06956359366543802,0.4045059562859561,0.3349423626205181,7.870474473180077,10.844543097222243,2.9740686240421654
19017,844.8527241379287,797.3877600000011,-47.46496413792761,515.2962448275855,632.3365616666658,117.04031683908033,0.6116801399446993,0.7840264805663641,0.17234634062166487,209.61426206896587,167.98953500000022,-41.624727068965655,227.23664655172428,293.9830333333331,66.7463867816088,1.0836956177982568,1.7332429659620145,0.6495473481637577,0.08580283348443966,0.43307279070811944,0.34726995722367976,8.390866618773956,11.359512504629574,2.9686458858556186
19020,1147.7142155172373,1115.7185799999988,-31.995635517238497,503.4368999999996,616.9017916666662,113.46489166666663,0.44040082543553083,0.5439329865973265,0.10353216116179564,261.67770344827625,206.65177000000014,-55.025933448276106,221.18894482758634,286.63942499999973,65.45048017241339,0.8450956611085639,1.3741376938477403,0.5290420327391764,0.24405240188349442,0.5853993030877631,0.3413469012042687,7.871390153256688,10.810389606481454,2.938999453224766
20002,643.7806896551724,602.1718816666612,-41.60880798851122,534.8154982758617,651.5164233333326,116.70092505747084,0.8333631329324518,1.0679460110370693,0.23458287810461753,183.50736551724162,154.5686916666669,-28.93867385057473,238.0828517241378,303.3664966666663,65.2836449425285,1.296376778009384,1.9391166720184123,0.6427398940090283,-0.2384732009989215,0.07213248370767253,0.310605684706594,8.841783098659025,11.788315046296326,2.9465319476373004
20003,765.6635120689643,702.499476666667,-63.16403540229737,515.3122034482773,633.9129083333344,118.6007048850571,0.6748348880120443,0.8933042871432935,0.2184693991312492,200.97735344827595,166.13359666666682,-34.84375678160913,228.2896431034484,293.798821666667,65.50917856321857,1.1354467576104743,1.7633775493650816,0.6279307917546073,-0.05662804900308327,0.2619409068452918,0.3185689558483751,7.912742318007643,10.938802328703709,3.0260600106960656
20007,811.3572120689646,742.6993766666654,-68.65783540229916,506.23462413792936,618.2258216666662,111.99119752873685,0.6255793357364698,0.8260196578230988,0.20044032208662899,211.75242758620715,176.368605,-35.383822586207145,225.42912241379304,287.2752799999996,61.84615758620657,1.0645863848729524,1.6267467606669967,0.5621603757940443,-0.06662846077718912,0.2483878410652894,0.31501630184247853,7.748130076628337,10.774759425925879,3.026629349297542
21003,1245.844117241379,1186.244411666665,-59.59970557471411,488.36440689655274,594.2414750000012,105.87706810344844,0.39363524719643755,0.4971765071163536,0.10354125991991603,262.68580344827546,205.37078666666628,-57.31501678160919,218.01937586206913,277.25460166666664,59.23522580459752,0.8297653305618471,1.3481067539557006,0.5183414233938535,0.37641023602685997,0.700082823902511,0.323672587875651,7.074220493295006,10.093283101851895,3.0190626085568892
21006,1272.0779431034475,1209.2237083333343,-62.85423477011318,491.8969637931017,600.721756666667,108.82479287356534,0.38832040928833256,0.4936868236403359,0.10536641435200333,266.07984137931066,204.9093666666667,-61.170474712643966,220.18124310344842,281.24073333333365,61.05949022988523,0.8287002285941579,1.3711542869049231,0.5424540583107652,0.38784159281412045,0.7372720013529125,0.34943040853879204,7.063419703065149,10.10046807870371,3.0370483756385607
21008,1026.8685482758654,971.0500883333315,-55.81845994253388,512.9447431034484,630.103429999999,117.15868689655053,0.5028668269023445,0.6424813713433928,0.13961454444104826,233.10305172413769,180.47954999999962,-52.623501724138066,230.0369637931035,295.50775666666704,65.47079287356354,0.9930948430469381,1.6373824508611494,0.6442876078142113,0.2653825253941786,0.659410783835541,0.39402825844136236,7.8203636973179975,10.888395180555566,3.0680314832375686
21009,1032.1768896551762,965.6143400000003,-66.56254965517587,508.5136448275872,623.4665950000007,114.95295017241347,0.49547310026834,0.6408992847929827,0.14542618452464273,234.58081896551744,184.72799166666675,-49.852827298850684,227.598729310345,291.696151666667,64.097422356322,0.9750005674587038,1.5788381502348243,0.6038375827761205,0.23423614659153247,0.60091577005423,0.36667962346269756,7.620489343869705,10.669755212962968,3.0492658690932632
21011,1462.6375603448246,1394.3632649999954,-68.27429534482917,489.6744068965528,599.4410433333326,109.76663643677978,0.33619318317119373,0.4275797588542888,0.09138657568309505,289.99726379310334,220.02335333333332,-69.97391045977002,220.51057586206875,282.34221500000035,61.8316391379316,0.7628761738626504,1.2825922420387843,0.5197160681761339,0.47239844511723816,0.8309687929264382,0.35857034780920005,6.7843662978927295,9.83809303703704,3.0537267391443113
21012,1314.7248258620684,1278.313889999994,-36.41093586207444,506.448758620689,621.2600733333347,114.81131471264575,0.3872075190561235,0.4831812465913101,0.09597372753518663,276.097506896552,203.4520416666669,-72.64546522988508,227.23675344827575,292.0576233333335,64.82086988505773,0.82768796861662,1.4344571976006715,0.6067692289840515,0.4044266729033135,0.8254010589697043,0.42097438606639076,7.57388661398465,10.63487738425927,3.0609907702746195
21013,981.541377586208,896.6468666666676,-84.89451091954038,502.5408120689658,618.4526099999994,115.91179793103356,0.5141984084714382,0.6858912559295973,0.17169284745815916,235.30522068965536,186.58367666666675,-48.72154402298861,224.2641965517244,289.3584433333334,65.094246781609,0.9567577718525698,1.5507260480170202,0.5939682761644504,0.12091530544345402,0.47438021481950504,0.353464909376051,7.108252001915707,10.154697013888901,3.0464450119731943
21015,864.8570155172431,785.9497383333345,-78.9072771839086,509.41428275862074,627.4512966666658,118.03701390804508,0.5914652329650276,0.7931714974188935,0.20170626445386586,216.104603448276,172.09054333333347,-44.01406011494254,227.33542413793117,294.4368850000006,67.10146086206942,1.0603330127410857,1.710825490600127,0.6504924778590413,0.039982455841814396,0.40244056084561797,0.3624581050038036,7.3731999042145615,10.425855819444443,3.0526559152298818
21016,765.4414982758611,721.5104116666639,-43.93108660919722,537.8225224137925,658.2860350000001,120.46351258620757,0.7041288065711896,0.9055617151407749,0.2014329085695853,200.26006034482776,172.71388666666667,-27.546173678161097,236.10589137931026,301.84622,65.74032862068975,1.18491803807638,1.742504744962572,0.5575867068861919,-0.11322148201867338,0.15752099543234926,0.27074247745102265,8.207011556513404,11.177960074074079,2.970948517560675
21017,1969.5369137931025,1982.1041316666651,12.56721787356264,488.08064827586134,597.5298133333335,109.44916505747221,0.2490768881252924,0.29902360805953326,0.04994671993424085,390.7842327586197,282.9997616666669,-107.78447109195275,218.05034655172426,279.50567000000035,61.45532344827609,0.5589364099493197,0.9864106788426699,0.42747426889335016,0.4713993035040859,0.8752700729757742,0.4038707694716883,6.442388850574703,9.492130148148153,3.0497412975734495
21018,1029.1869344827592,958.567729999997,-70.61920448276214,497.42178793103363,608.584351666666,111.16256373563232,0.4853525614223768,0.6294301020661197,0.1440775406437429,238.0348275862068,188.87665666666678,-49.15817091954003,221.24985,283.524263333333,62.274413333333,0.929100927597201,1.4979329393724221,0.5688320117752211,0.22255815545859364,0.5452806283426158,0.32272247288402217,7.340909032567055,10.357086171296295,3.0161771387292404
21022,846.6778362068986,778.2216533333309,-68.45618287356774,521.6733603448287,641.6291049999988,119.95574465517018,0.6181390247650613,0.8195363063678506,0.20139728160278925,213.01134137931015,177.6261900000001,-35.38515137931006,231.58223620689665,298.4255916666667,66.84335545977007,1.0922943909137441,1.6802117663339153,0.5879173754201712,-0.028479436073210185,0.28319529598604354,0.3116747320592537,7.69659058429117,10.72214622685188,3.02555564256071
21023,693.8223603448264,646.2101999999992,-47.6121603448272,537.4716603448258,659.610871666669,122.13921132184328,0.7787690321964588,1.014507310132216,0.2357382779357572,186.82246206896565,156.9851099999999,-29.837352068965743,238.60834655172408,306.36766500000044,67.75931844827636,1.2883673380565148,1.952453821220852,0.6640864831643372,-0.13956245909690654,0.1786092245323383,0.31817168362924486,8.617938136973176,11.646348194444498,3.028410057471321
21024,958.1745655172423,897.8715816666659,-60.302983850576425,510.2717017241383,625.3906066666652,115.11890494252691,0.53639874076345,0.6894649633781893,0.15306622261473934,221.95639137931033,175.16809166666667,-46.78829971264366,229.12248620689655,292.9726133333337,63.850127126437144,1.0378106067135136,1.672842488854478,0.6350318821409644,0.226755506118609,0.6102920138376685,0.3835365077190595,7.7548947749042085,10.841463828703706,3.086569053799497
21026,1739.6953724137934,1730.5566633333297,-9.138709080463741,495.2493172413782,604.6859849999978,109.43666775861959,0.2860338663891302,0.3469592661495267,0.060925399760396515,344.3962293103455,245.91372833333332,-98.4825009770122,220.73379482758605,282.04588500000045,61.3120901724144,0.6436752804328676,1.145750885901116,0.5020756054682485,0.4825841623310183,0.9056585189187862,0.42307435658776793,6.963516982758611,10.019561990740755,3.056045007982144
21027,791.2915758620707,726.7816683333328,-64.50990752873781,525.6839741379304,647.4457733333346,121.76179919540425,0.6669358085634871,0.8854894879317845,0.2185536793682974,202.21622241379282,167.11241166666645,-35.103810747126374,234.00152241379283,302.48239333333345,68.48087091954062,1.1660122273317515,1.8102827210283259,0.6442704936965744,-0.04374781147355376,0.28287460229394756,0.32662241376750134,7.960289363026826,10.99628945833334,3.0360000953065143
22001,886.7071965517234,812.2017733333312,-74.50542321839225,527.4166344827585,649.683793333335,122.2671588505765,0.5972881351739072,0.7991498945978813,0.2018617594239741,206.2065741379314,157.55452666666662,-48.65204747126478,235.88879310344845,303.37614833333333,67.48735522988488,1.1494605849207535,1.9254163782991554,0.7759557933784018,0.14813663432155147,0.5444817180112994,0.39634508368974797,7.924304343869762,10.997401638888928,3.0730972950191653
22006,713.0176206896565,651.4215533333308,-61.59606735632565,547.4770362068991,680.6802266666677,133.20319045976862,0.7683476192588983,1.037058247758108,0.2687106284992098,192.9783551724139,149.0826633333337,-43.8956918390802,243.95571034482765,316.557563333334,72.60185298850632,1.269480099745719,2.1238980526070863,0.8544179528613673,-0.131012872298272,0.256281893587469,0.38729476588574097,8.674873568007655,11.764829236111117,3.089955668103462
22007,807.6202896551708,736.4249366666668,-71.19535298850406,537.834268965519,666.1869266666669,128.3526577011479,0.6680122624531295,0.8982814131113459,0.2302691506582164,201.8285379310345,150.8376733333336,-50.99086459770089,239.98612931034495,311.0545183333333,71.06838902298836,1.196195076085178,2.0621340152954994,0.8659389392103214,0.030680915605871807,0.4484282769221537,0.4177473613162819,8.237910373563214,11.307399995370357,3.0694896218071435
22009,951.9711155172402,872.6127833333346,-79.35833218390553,518.487568965516,638.3864333333324,119.89886436781649,0.5474520525294975,0.7308322080908334,0.1833801555613359,214.4879051724139,162.60903833333333,-51.87886683908056,232.51598793103415,299.41271666666677,66.89672873563262,1.089238512403317,1.8413103569354825,0.7520718445321655,0.21755973179738214,0.6232038852850585,0.4056441534876764,7.569666877394622,10.660980935185176,3.0913140577905542
23001,1075.1286310344826,1020.1965483333324,-54.93208270115019,516.8354051724145,635.4786633333354,118.64325816092082,0.48285387164888127,0.6205083657367246,0.13765449408784336,241.94277758620711,179.74281666666676,-62.19996091954036,232.14440689655152,298.47490666666675,66.33049977011524,0.9659931834143444,1.6604846323354026,0.6944914489210582,0.2888239103962832,0.72633675615216,0.4375128457558768,7.678818908045985,10.776843675925953,3.098024767879968
23004,1193.9432603448295,1143.1481483333303,-50.795112011499214,509.80254482758585,625.7203450000021,115.91780017241626,0.42844266552927374,0.5461926273495945,0.11774996182032077,261.1666965517247,196.22596333333354,-64.94073321839119,230.19493275862044,295.05267000000003,64.8577372413796,0.8873919351608581,1.5036266404489205,0.6162347052880623,0.3291590312972377,0.7306323081955743,0.4014732768983366,7.367905522030647,10.481027300925934,3.1131217788952874
23006,1395.1370775862015,1351.8828983333278,-43.254179252873655,501.0599413793108,614.1485816666641,113.08864028735326,0.3605029935871492,0.4536548992268721,0.09315190563972287,296.8340603448278,222.07404000000014,-74.76002034482764,226.58830862068962,290.4940583333341,63.90574971264451,0.7679511114204429,1.3082940882833936,0.5403429768629506,0.36274333766571,0.754486356021015,0.391743018355305,6.93042017720305,10.05419963425927,3.1237794570562194
23007,876.4478120689632,807.0783949999999,-69.36941706896334,524.7156172413788,651.7617216666667,127.04610442528792,0.5988900825369061,0.8009411087679117,0.20205102623100557,203.55891034482792,163.56157333333311,-39.99733701149481,236.91462931034482,305.5768549999999,68.66222568965509,1.1708496020735863,1.8693145980018908,0.6984649959283045,0.16236679932388048,0.5283423168972545,0.36597551757337404,7.761792389846759,10.903300083333278,3.1415076934865187
23008,1006.0285637931079,935.1531783333337,-70.87538545977418,516.6141155172415,636.166111666666,119.55199614942444,0.5164377025389131,0.6789179022474736,0.16248019970856054,224.99569655172394,166.2995566666668,-58.696139885057136,231.33965344827595,298.70000666666624,67.36035321839029,1.0321428689469312,1.7961163831012765,0.7639735141543453,0.2838023481334327,0.7357893171908747,0.451986969057442,7.5882401867816345,10.68331558333334,3.095075396551705
23011,1326.5983465517252,1280.2334566666689,-46.3648898850563,499.69588275861986,612.3813016666679,112.68541890804806,0.37842783463223273,0.4757973775601124,0.0973695429278797,280.36466724137927,205.48611833333325,-74.87854890804601,223.89824999999996,287.21086166666674,63.31261166666678,0.8023190417347014,1.3976446698863212,0.5953256281516198,0.40055045760789537,0.8479617551257954,0.44741129751790004,6.874387428160919,9.972190486111108,3.0978030579501894
23016,676.7589827586212,623.2412750000015,-53.517707758619736,551.2260137931044,686.7400183333318,135.51400454022746,0.8145092594508844,1.0908571133736205,0.2763478539227361,186.62146551724123,148.16164666666648,-38.45981885057475,244.5996293103446,316.3380666666669,71.73843735632232,1.310793292855219,2.1309050982173128,0.8201118053620937,-0.20857131073249668,0.13732845602665883,0.3458997667591555,8.93696530651339,12.0446578425926,3.1076925360792096
24001,973.9079534482726,898.4295200000045,-75.4784334482681,524.449268965518,652.6127716666663,128.16350270114833,0.5392185031473096,0.7202022025589239,0.1809836994116143,211.68052241379326,165.85644333333335,-45.82407908045991,237.99394137931046,308.04895166666677,70.05501028735631,1.1300281741917328,1.8589726580326693,0.7289444838409365,0.30544228489984665,0.6956431335076936,0.39020084860784693,7.696389564176257,10.851759324074083,3.155369759897826
24003,1344.8241931034484,1279.2001333333328,-65.62405977011554,500.3419465517249,618.1936616666665,117.85171511494156,0.37277960432118695,0.48241997669859976,0.10964037237741281,252.55550344827645,190.63805666666718,-61.91744678160927,227.6510362068968,293.278596666667,65.6275604597702,0.9035229156078728,1.5383603473965843,0.6348374317887115,0.5351736377863722,0.9186833548147288,0.3835097170283567,6.67479282088123,9.856595259259247,3.1818024383780177
24004,937.1875844827554,855.3130400000014,-81.874544482754,526.1524396551723,656.210093333332,130.05765367815968,0.5623162179549621,0.760612820703532,0.19829660274856986,210.0727310344831,167.22802999999976,-42.844701034483336,238.76406551724148,309.96750333333307,71.2034378160916,1.1433132469168497,1.856873777655252,0.7135605307384023,0.2753495629353645,0.6549159085851947,0.37956634564983016,7.639309300766294,10.800518222222218,3.1612089214559234
24005,757.7173327586213,694.7586550000013,-62.958677758619956,540.9111086206899,676.0398983333325,135.12878971264263,0.7138689682628101,0.9655458659773906,0.25167689771458046,192.39465172413767,156.0153383333337,-36.379313390803986,243.85081551724153,316.28496833333304,72.43415281609151,1.2752148070327358,2.031744378399598,0.7565295713668623,-0.026280793563527756,0.3627347600815211,0.38901555364504886,8.283673074712667,11.409918398148143,3.1262453234354766
25001,1150.9234706896532,1080.1169200000018,-70.80655068965143,520.0113879310347,645.8456733333323,125.83428540229761,0.4528702558589067,0.5952581760442726,0.14238792018536583,240.61099482758635,180.99694000000005,-59.6140548275863,235.6721534482757,305.3355750000002,69.66342155172447,0.9834654009242458,1.68754890858369,0.7040835076594443,0.4020122402061199,0.8071451650914268,0.40513292488530683,7.393900162835262,10.559432037037048,3.165531874201786
25003,1899.0876603448305,1840.3807000000033,-58.706960344827166,496.7907172413803,615.7280333333325,118.9373160919522,0.26238315400309226,0.3338346399508002,0.07145148594770795,397.7081379310347,290.48910666666654,-107.21903126436814,222.38129310344797,289.4771916666664,67.09589856321841,0.5614304145979634,0.9964861373789261,0.4350557227809627,0.39272630362221306,0.806219948034838,0.4134936444126249,5.592217911877395,8.753214523148134,3.1609966112707397
25006,1165.8759758620645,1090.3740049999983,-75.50197086206617,518.5516758620689,643.8447883333326,125.29311247126373,0.4462586326907745,0.588548817830759,0.14229018513998448,231.97916896551723,171.89644666666692,-60.082722298850314,234.67634482758604,304.1818933333341,69.50554850574804,1.0201579814491475,1.7696566309779564,0.749498649528809,0.49424719129403627,0.8976714515859623,0.403424260291926,7.173398050766289,10.34286258796297,3.1694645371966805
25012,1607.2980810344816,1575.2776466666621,-32.02043436781946,490.2264448275875,604.7836516666664,114.5572068390789,0.30570496040810957,0.38267044176471743,0.07696548135660786,297.80060172413846,217.64862666666642,-80.15197505747204,224.03215,288.6059716666668,64.57382166666679,0.7552715965607089,1.3259813059257524,0.5707097093650435,0.5777381602479608,0.9746068687168782,0.3968687084689174,6.284859621647509,9.474417921296277,3.189558299648768
25020,667.2689172413775,611.5152833333316,-55.75363390804591,556.3509068965524,697.8237783333334,141.47287143678102,0.8339137238588592,1.1307462956882532,0.29683257182939404,182.6993413793101,144.74141666666682,-37.95792471264329,249.32113275862088,324.04079833333344,74.71966557471256,1.3678985920259825,2.2431551680765356,0.8752565760505531,-0.16876684155145863,0.24699609967743713,0.4157629412288958,8.829534487547896,11.937298819444436,3.10776433189654
25021,674.805415517239,620.7591449999968,-54.04627051724219,556.1421224137921,697.3514749999993,141.20935258620716,0.8241617547957227,1.1128289757154142,0.28866722091969144,183.67185344827607,146.64032166666672,-37.031531781609345,249.04653793103424,323.4991666666666,74.45262873563237,1.3587768318121256,2.2059898857309177,0.8472130539187921,-0.16965811443525186,0.2348061892432443,0.4044643036784962,8.800714995210683,11.900151953703698,3.0994369584930155
25029,742.562596551724,679.7492249999993,-62.813371551724686,544.0823775862073,678.263405000001,134.1810274137937,0.7327268536562488,0.9943073812735421,0.26158052761729333,196.14259482758587,152.4193366666667,-43.72325816091916,245.54567931034478,318.3543583333335,72.80867902298871,1.2665067215724224,2.088629109715659,0.8221223881432365,-0.08761276552339856,0.32049113391381745,0.40810389943721603,8.78019887452107,11.942555500000005,3.1623566254789353
26003,706.2972431034452,667.906896666666,-38.39034643677928,564.2947896551699,715.3927999999989,151.09801034482905,0.7989902069083374,1.0629157272863219,0.26392552037798445,182.46668793103473,144.95574333333354,-37.51094459770118,255.10179137931,334.51920500000045,79.41741362069047,1.4151029335464171,2.307915775009967,0.8928128414635497,0.000128735258393979,0.407223716600594,0.4070949813422,9.188737279693484,12.329518277777762,3.140780998084278
26005,739.4300810344828,696.909506666668,-42.52057436781479,558.7972103448274,707.6460949999998,148.84888465517247,0.7564624070753532,1.0118396766947493,0.2553772696193961,191.54194310344855,151.8207749999998,-39.72116810344875,252.90405517241362,330.41906333333327,77.51500816091965,1.3366482102956299,2.1765835495149957,0.8399353392193658,-0.008893467818300738,0.39779940938263214,0.4066928772009329,8.975086973180076,12.10689010185185,3.1318031286717734
26006,682.1638068965494,643.2198500000023,-38.94395689654709,565.9292086206904,717.2867199999986,151.35751137930822,0.8296403168083362,1.1079108366524173,0.27827051984408113,175.13712241379324,136.61840000000007,-38.51872241379317,257.2408034482761,338.5877200000001,81.34691655172401,1.4793330549730694,2.478522300137217,0.9991892451641478,0.006155173651045341,0.44754985412964166,0.4413946804785963,9.34480501915712,12.509819611111123,3.1650145919540034
26008,688.9157775862067,664.6913599999959,-24.224417586210734,577.5462534482774,741.2917916666671,163.7455382183897,0.8383888622910387,1.1037784001145106,0.26538953782347185,191.08193620689653,146.7685566666667,-44.31337954022982,261.7125879310345,349.81833000000006,88.10574206896558,1.3817778784679935,2.3848227028024676,1.003044824334474,-0.15315416216300293,0.3226788991903261,0.47583306135332903,9.30194556034483,12.52639886111114,3.22445330076631
26009,739.8692948275858,699.5665216666646,-40.30277316092122,563.323086206897,717.4179200000012,154.09483379310427,0.7614184049187864,1.0186660046225362,0.2572475997037498,193.5400241379312,149.0775466666667,-44.46247747126449,256.24886896551726,340.1061083333333,83.85723936781602,1.3355673210344885,2.28140603033882,0.9458387093043314,-0.034598978471393094,0.41481007337386155,0.44940905184525465,9.042550368773952,12.222724347222236,3.180173978448284
27001,1004.8049224137943,940.4987250000034,-64.30619741379087,552.7057137931038,699.0155066666644,146.30979287356058,0.551532254500243,0.7393102933559226,0.18777803885567956,226.5728482758624,163.46939666666674,-63.10345160919567,250.71696551724116,331.881705,81.16473948275885,1.1209528251574121,2.0301639036053016,0.9092110784478895,0.26504755234551647,0.7524075564542827,0.48736000410876623,8.570841834291185,11.76187646296298,3.1910346286717957
27002,1210.2832103448252,1164.1431249999987,-46.1400853448265,536.2116500000018,674.3706366666672,138.15898666666544,0.44464285163785766,0.5781724528861374,0.13352960124827973,260.68458275862065,183.74330333333367,-76.94127942528698,244.27876379310368,322.283511666667,78.0047478735633,0.9498751675626644,1.7539217455923843,0.8040465780297199,0.3548190705378935,0.8370420529873137,0.4822229824494202,8.129182854406142,11.322386578703695,3.193203724297552
27003,1000.3977017241386,944.405894999999,-55.99180672413968,551.4452275862081,699.485039999998,148.03981241378983,0.5531642420242815,0.7395318468345683,0.1863676048102868,228.04556551724147,162.62813166666677,-65.4174338505747,250.95738620689664,333.9559000000004,82.99851379310374,1.1136444142187636,2.053399773905105,0.9397553596863415,0.25088657465982767,0.7272310162329643,0.4763444415731366,8.720491182950177,11.94606244907406,3.2255712661238825
27006,1049.1699586206873,972.8727066666645,-76.29725195402284,548.8292551724123,703.2603833333336,154.43112816092128,0.5238857268492132,0.7233567613976037,0.19947103454839055,227.8471603448279,164.12161333333358,-63.725547011494314,252.18215862068953,339.21261166666693,87.0304530459774,1.1184517729951347,2.066792301504236,0.9483405285091016,0.3123242735687749,0.7727190496427584,0.4603947760739835,8.408152523946375,11.699872898148152,3.291720374201777
27007,1184.3151224137905,1141.553164999999,-42.761957413791606,534.0951706896549,667.5054400000005,133.4102693103456,0.4523649878771314,0.5838949749120177,0.13152998703488628,237.60906206896576,171.88356666666692,-65.72549540229883,242.93892931034503,317.7579299999998,74.81900068965479,1.0351158919829961,1.8486872977672948,0.8135714057842987,0.4806115917925573,0.9338073256807855,0.4531957338882282,8.041686120689658,11.217381212962934,3.1756950922732763
27009,941.7056603448304,890.8757400000017,-50.82992034482879,549.6665396551714,690.8506666666672,141.18412701149578,0.585109996610407,0.771357150260657,0.18624715365025002,211.93233965517234,157.29217166666677,-54.64016798850557,248.5421724137931,326.4582383333335,77.91606591954039,1.1879588294251913,2.0754716554067922,0.887512825981601,0.2734472248587958,0.7378182516164894,0.4643710267576936,8.563893266283541,11.736751629629573,3.172858363346032
27021,817.5386655172425,752.2648283333334,-65.27383718390911,562.7413327586223,724.0581399999999,161.31680724137755,0.6888718132012998,0.9591165323289486,0.2702447191276488,195.94466896551734,144.86867000000007,-51.07599896551727,258.2829275862066,348.36923166666645,90.08630408045985,1.331981918963193,2.404660960636877,1.072679041673684,0.13252503513006642,0.5911804576571088,0.4586554225270424,9.057587969348674,12.347778125000005,3.290190155651331
27023,801.6501344827587,733.9714450000034,-67.67868948275532,560.6443586206881,717.5902499999975,156.9458913793094,0.7010595757201878,0.9765713879726654,0.27551181225247756,193.61432068965513,142.88716666666687,-50.72715402298826,256.384215517241,343.8694850000004,87.4852694827594,1.338654795686613,2.40694743362283,1.0682926379362168,0.138236149521587,0.5878634875951301,0.44962733807354305,9.032655799808424,12.298579898148164,3.26592409833974
27025,763.6703034482791,699.6968533333313,-63.97345011494781,567.3446068965517,731.5457216666678,164.20111477011608,0.7429381429199888,1.0414476623842215,0.29850951946423265,187.82775862068954,137.19408833333353,-50.63367028735601,260.97382068965516,353.6684033333329,92.69458264367773,1.4038244483965283,2.5781066267702846,1.1742821783737563,0.07421077538763454,0.5539767412920933,0.47976596590445875,9.231486714559368,12.520910675925936,3.289423961366568
27026,816.826849999999,751.248206666666,-65.57864333333305,563.2527017241384,725.1089366666675,161.8562349425291,0.68957494922479,0.9659153900968023,0.27634044087201226,194.4792500000005,139.86223000000004,-54.61702000000045,259.36702068965496,351.6226366666667,92.25561597701176,1.3478066709746446,2.5146172860983427,1.166810615123698,0.1322759384422211,0.6221930974975441,0.48991715905532307,9.054709760536392,12.339252467592567,3.2845427070561755
27029,1297.7945172413793,1241.9649833333287,-55.82953390805051,539.5157120689673,682.8076950000005,143.2919829310332,0.41754702260753684,0.5492543433207447,0.1317073207132079,274.1621155172419,189.19651999999994,-84.96559551724195,246.0161344827588,327.4331966666665,81.41706218390772,0.9084382300787899,1.7308375279212194,0.8223992978424295,0.38141832842421886,0.8671051771724391,0.4856868487482202,8.13598232279698,11.359582356481443,3.2236000336844626
27030,715.7628655172407,654.9292799999995,-60.833585517241204,568.2169551724138,730.8027983333334,162.58584316091958,0.7951428792141184,1.105122507783606,0.3099796285694876,182.1685637931036,137.6432266666667,-44.52533712643691,259.5389396551726,349.1254500000002,89.58651034482762,1.4401514467602041,2.53696096156017,1.0968095147999657,0.02820346993566495,0.46846958815693285,0.4402661182212679,9.29672459291188,12.579474499999979,3.282749907088098
27032,1453.5652827586243,1401.7396533333326,-51.82562942529171,525.2333431034482,660.5315049999997,135.2981618965515,0.3626694902051978,0.4712009631574915,0.1085314729522937,289.29564482758633,203.28565666666708,-86.00998816091925,238.17953793103453,315.4386616666666,77.25912373563204,0.835469459008036,1.5516677056315165,0.7161982466234804,0.4850786994598706,0.954919766377798,0.4698410669179274,7.013239391762461,10.189132726851863,3.175893335089402
27034,1420.9217,1391.7293866666632,-29.19231333333687,517.6917775862067,643.2372799999991,125.5455024137924,0.36553169787451506,0.46178940093896936,0.0962577030644543,264.8093258620693,188.95198833333325,-75.85733752873602,236.55952586206874,308.1061666666667,71.54664080459796,0.9013504114658668,1.6307393072380325,0.7293888957721657,0.6072715557136596,1.0476898541466049,0.4404182984329452,7.477682049808416,10.659290425925953,3.181608376117537
27035,1168.5262482758587,1136.4204333333312,-32.10581494252756,537.7324913793104,669.463346666668,131.7308552873576,0.4623535887756192,0.5887989781445826,0.12644538936896338,258.6337362068969,180.93280500000012,-77.7009312068968,244.9062931034482,320.78941,75.88311689655177,0.9600497516256316,1.7731310677980523,0.8130813161724207,0.32652920622326853,0.8037550728995182,0.47722586667624967,8.412294559386991,11.556811120370345,3.1445165609833534
27038,707.3731379310325,664.1672650000003,-43.20587293103222,553.9935155172402,694.2377450000008,140.2442294827606,0.7831878560126426,1.0441945993513642,0.26100674333872154,178.90383448275873,133.12275000000005,-45.78108448275867,251.67042241379306,329.19942166666624,77.52899925287318,1.4253504176986407,2.4763610931614237,1.051010675462783,0.007509318067666091,0.5086436095056944,0.5011342914380283,9.139325890804589,12.289600518518494,3.1502746277139053
27041,780.8006310344813,733.6023233333318,-47.198307701149474,552.3056379310351,695.0296766666664,142.72403873563132,0.7075902320332642,0.9450830101814045,0.2374927781481403,198.25269827586203,151.0548983333335,-47.19779994252852,249.88371034482785,327.5770883333339,77.69337798850606,1.2768094224182405,2.169230356935712,0.8924209345174714,0.004866655983527857,0.4630481339581183,0.4581814779745904,8.839579540229892,11.998444152777797,3.158864612547905
27042,920.3447310344815,864.0153616666657,-56.32936936781573,536.0478258620692,671.891206666666,135.8433808045968,0.5824523790705567,0.7852759989684148,0.20282361989785813,218.07117931034506,162.68498166666697,-55.38619764367809,244.02039827586214,319.9542083333331,75.93381005747096,1.1337913678048301,1.9668890971124553,0.8330977293076252,0.11445804117173516,0.5795424529704938,0.4650844117987586,8.235858979885059,11.416367314814824,3.1805083349297654
27043,1459.2049362069006,1428.7107766666645,-30.49415954023607,521.8634396551722,650.6422016666648,128.77876201149263,0.3590818061584708,0.45490301067744326,0.09582120451897247,296.8115568965517,206.48752333333363,-90.32403356321805,238.0634172413796,311.92628499999984,73.86286775862024,0.8124726681919223,1.5105900304385416,0.6981173622466192,0.4577961339039244,0.930039643177589,0.47224350927366465,7.590668352490411,10.762022731481464,3.1713543789910528
27047,1885.0952586206854,1955.6737599999965,70.57850137931109,495.6136017241389,607.686211666665,112.07260994252613,0.26344446786621883,0.3098126849880586,0.04636821712183975,357.2073793103442,246.48818333333332,-110.71919597701088,226.18954655172428,290.0018383333334,63.81229178160913,0.6340125807271962,1.1765105660248059,0.5424979852976096,0.595574693971866,1.0539495907850132,0.45837489681314714,7.04537585727971,10.216679606481467,3.1713037492017566
27049,863.1903448275856,810.0349033333297,-53.15544149425591,544.2193431034477,686.8442349999992,142.6248918965515,0.6305501433975047,0.8467507446358848,0.21620060123838014,217.72102413793132,162.30853333333334,-55.41249080459798,246.2467379310344,326.1787449999998,79.93200706896542,1.1445239037235098,2.009550693254357,0.8650267895308472,0.005728103286713937,0.48407325668681483,0.4783451534001009,8.263192801724113,11.445604874999999,3.182412073275886
27051,857.0464431034466,791.3378216666637,-65.70862143678289,568.6203293103445,731.4125266666651,162.79219735632068,0.6650839664480901,0.9136001573010567,0.2485161908529666,212.35017586206908,153.9185750000002,-58.431600862068876,256.65989482758584,345.75511333333384,89.095218505748,1.2236045313128823,2.246509148258512,1.0229046169456295,0.07502615988561143,0.5502524514306225,0.47522629154501106,8.714261053639863,11.932771527777769,3.218510474137906
27062,985.6067086206897,922.2886916666648,-63.31801695402487,554.0100568965509,700.9743983333337,146.9643414367829,0.563552803135836,0.7555241611838845,0.19197135804804855,224.02658793103447,161.8979250000002,-62.128662931034256,251.28435000000002,332.7311783333337,81.44682833333366,1.1361934389080894,2.0551075280212925,0.918914089113203,0.25063007802852894,0.7366890432617726,0.4860589652332437,8.626214080459759,11.817616995370393,3.1914029149106344
27064,617.7204637931019,576.2088433333325,-41.51162045976935,583.978877586207,755.2041566666674,171.22527908046038,0.9470515386640671,1.2963812495033753,0.3493297108393082,175.69238448275877,135.85929166666682,-39.83309281609195,264.6657862068964,358.2298233333345,93.56403712643805,1.5229095020234176,2.638844202843803,1.1159347008203853,-0.2113064727449377,0.20688719434149636,0.418193667086434,9.592037777777794,12.853888407407418,3.261850629629624
27065,1292.5532379310314,1218.781520000001,-73.77171793103048,533.5706448275863,671.5847333333334,138.01408850574705,0.4141995789693609,0.5519579792747874,0.13775840030542652,266.89793793103473,184.48808333333352,-82.40985459770121,245.43537068965554,324.4447766666665,79.00940597701094,0.9302410434481851,1.7586626514545556,0.8284216080063704,0.4045891556157596,0.8872812313351236,0.482692075719364,8.296786326628322,11.544290287037015,3.247503960408693
27071,871.7351362068976,818.4893849999976,-53.24575120689997,547.5193465517237,686.386851666668,138.86750511494427,0.6294195433480707,0.8314388380572364,0.2020192947091657,202.2107189655173,154.34748333333323,-47.86323563218406,247.31328620689692,323.5709133333332,76.25762712643626,1.235498448469543,2.0965426515344294,0.8610442030648864,0.21101729051101265,0.6523510657572931,0.4413337752462804,8.53428403256703,11.695398143518522,3.161114110951493
27073,724.090822413792,679.7983433333324,-44.29247908045966,554.7061017241379,695.7808116666649,141.07470994252708,0.7673035422359205,1.0252801732407937,0.2579766310048732,185.86827931034503,148.36507833333323,-37.5032009770118,251.69644137931053,327.6442883333333,75.94784695402276,1.3708425528186101,2.209679746157289,0.8388371933386787,-0.007863540119280666,0.40433262622960586,0.4121961663488865,9.125676700191564,12.256061740740721,3.1303850405491573
27077,957.5580586206903,887.3813466666672,-70.17671195402306,550.4614103448287,703.2520816666658,152.79067132183718,0.576306026286048,0.7848041192112778,0.2084980929252298,219.3624155172419,158.79331333333357,-60.56910218390834,250.28299482758598,334.0352899999999,83.75229517241394,1.1537518485474512,2.1040654901683404,0.9503136416208893,0.24938813118836656,0.7153277876866166,0.4659396564982501,8.689514683908056,11.942577120370363,3.253062436462306
27079,1052.6290603448256,992.1176416666688,-60.511418678156815,549.8472500000001,698.5152399999973,148.6679899999972,0.5242742068994442,0.7036260679650498,0.17935186106560563,235.39751206896574,166.57838499999997,-68.81912706896577,250.92595689655164,334.6482649999998,83.72230810344817,1.0783627933681803,2.0088745827648085,0.9305117893966282,0.2808850085829775,0.759833825050453,0.47894881646747556,8.665353702107275,11.906059467592586,3.240705765485311
27080,995.7719758620665,943.5176966666654,-52.25427919540107,549.048731034482,693.8918066666647,144.84307563218272,0.5533202518026041,0.7336294191657968,0.1803091673631927,227.64182758620677,162.544991666667,-65.09683591953979,249.39422413793125,330.52861499999995,81.1343908620687,1.10928493092376,2.0333685666351573,0.9240836357113973,0.25297044202273905,0.7270057287430226,0.47403528672028356,8.659110833333376,11.86458196759257,3.205471134259195
27084,1119.4622706896541,1064.8160699999994,-54.646200689654734,541.18435,678.8509099999989,137.66655999999887,0.4854324091661971,0.6373631835187359,0.15193077435253877,251.94164827586206,176.68344166666685,-75.25820660919521,246.31507413793082,324.99761000000046,78.68253586206964,0.9905653656161243,1.8398907146138195,0.8493253489976952,0.2854755558990165,0.7587224022910011,0.47324684639198455,8.275630636973194,11.444862675925936,3.1692320389527424
27087,757.2027879310345,713.0747816666649,-44.128006264369674,551.2268672413791,691.0289566666684,139.8020894252893,0.7289469079724304,0.9706203802159415,0.2416734722435111,192.21492068965534,152.51550333333324,-39.6994173563221,249.6656293103451,323.24183499999964,73.57620568965453,1.3147114366107653,2.120713609536412,0.8060021729256466,0.01039301478736429,0.426329894715772,0.41593687992840767,8.976264736589982,12.09776223611109,3.121497499521107
27089,1175.2743310344767,1128.6600733333298,-46.614257701146926,539.1359672413779,678.8255850000014,139.6896177586235,0.4603383768294832,0.6002641671291736,0.13992579029969043,255.80120344827543,180.85657000000043,-74.944633448275,245.39376379310391,324.04213500000066,78.64837120689674,0.9722349670193877,1.7916364562974851,0.8194014892780974,0.33630098609969417,0.8196597241988439,0.48335873809914975,8.21972543582375,11.414607296296325,3.1948818604725737
27090,1191.2630068965523,1125.42647833333,-65.83652856322237,523.5857172413807,653.1817216666707,129.59600442528995,0.4405759914166671,0.5778987055772351,0.13732271416056802,237.51889482758617,177.380155,-60.138739827586164,238.17053620689654,310.0719816666669,71.90144545977034,1.0108152796394705,1.7485795002028537,0.7377642205633832,0.4898402641076094,0.9056328139261617,0.4157925498185523,7.474875641762454,10.64615843055554,3.1712827887930857
28001,1411.830593103446,1336.038819999993,-75.79177310345312,530.1091086206902,672.4467633333354,142.3376547126452,0.3765598427029251,0.50545209910231,0.12889225639938495,293.84757241379316,202.5842100000003,-91.26336241379286,243.4564637931034,325.6073016666671,82.15083787356372,0.8377748696955054,1.607458625457676,0.7696837557621705,0.3783906080349595,0.8627124538939176,0.4843218458589581,7.487008266283562,10.748353412037035,3.2613451457534737
28003,750.514872413791,693.1444066666639,-57.370465747127014,574.54815,753.860531666665,179.31238166666503,0.7655446147343422,1.0766421737552712,0.31109755902092895,193.73043448275848,138.21787666666683,-55.51255781609166,262.3597413793103,361.5626633333334,99.20292195402305,1.3676719055566795,2.6339155318652403,1.2662436263085608,-0.03505181405907624,0.46219397894975156,0.4972457930088278,9.473225871647545,12.838165050925918,3.364939179278373
28008,1023.8338034482783,982.3784883333338,-41.45531511494448,558.2473724137933,718.757769999999,160.51039758620573,0.5456286051688455,0.7348494657848257,0.1892208606159802,237.52306379310392,161.33656000000002,-76.1865037931039,256.262001724138,350.27873999999986,94.01673827586188,1.0916287233797186,2.1710645466703644,1.0794358232906458,0.18680880052159962,0.7216060469191947,0.5347972463975951,8.505314358237554,11.758368935185167,3.253054576947614
28009,769.9927258620663,719.0206083333326,-50.97211752873375,574.3805810344825,744.7359366666672,170.35535563218468,0.7459734390927799,1.0364049483589306,0.2904315092661507,195.43071724137945,138.4735,-56.95721724137945,263.8324603448276,360.0668366666668,96.23437632183919,1.3649284487634366,2.6041239972529233,1.2391955484894868,0.00977468362314277,0.5117611525012207,0.5019864688780779,9.361552150383158,12.662755347222184,3.301203196839026
28012,751.0499068965487,698.048048333332,-53.00185856321673,574.2603862068944,739.803714999997,165.54332879310266,0.764636423318103,1.0595476477711063,0.29491122445300333,196.88118275862098,136.89411000000018,-59.9870727586208,261.4379706896557,353.74951499999986,92.31154431034417,1.3423389322197412,2.587703540101318,1.245364607881577,-0.05978707057211165,0.454287337130691,0.5140744077028027,9.464230550766304,12.713859115740727,3.2496285649744223
28015,654.2852948275836,603.8319116666657,-50.45338316091784,580.8261896551728,753.3872766666652,172.56108701149242,0.8877805447497081,1.239212845590553,0.35143230084084476,175.929901724138,131.92896833333333,-44.000933390804676,266.8638275862065,362.8451299999999,95.9813024137934,1.5329999358158664,2.7507228668521013,1.217722931036235,-0.10871116386640123,0.3568017742682634,0.46551293813466466,9.573406144635982,12.865021967592613,3.291615822956631
28018,939.1010379310366,899.3342233333315,-39.76681459770509,562.9384844827584,723.626405,160.68792051724154,0.5995844894429085,0.8072345900289969,0.20765010058608835,225.22186724137947,153.8236466666669,-71.39822057471258,257.7543896551723,350.8196983333339,93.06530867816161,1.1578184547875265,2.2806183501301156,1.122799895342589,0.1202715629460434,0.650983672063904,0.5307121091178606,8.849873371647524,12.098878106481443,3.2490047348339193
28022,756.1991051724149,705.7764033333307,-50.4227018390842,574.6057137931034,745.166499999998,170.5607862068946,0.7598795352643903,1.0557181587118647,0.29583862344747436,193.68514827586205,137.78687333333318,-55.89827494252887,264.46892413793086,360.7896249999998,96.32070086206892,1.3805079398666518,2.622441461601455,1.2419335217348033,-0.005267794244795384,0.4942128285011361,0.4994806227459315,9.402357361111124,12.705255745370382,3.302898384259258
28023,1194.7582396551718,1143.08772333333,-51.67051632184189,544.4896982758626,693.0707850000015,148.5810867241389,0.45733172869540595,0.610557242454407,0.15322551375900106,259.30764999999997,178.93737833333364,-80.37027166666633,250.2498879310343,337.9618466666666,87.7119587356323,0.9768132768187334,1.8887946142745178,0.9119813374557844,0.3046365224174329,0.7998326640446162,0.4951961416271833,8.026970019157101,11.275146865740759,3.2481768465836574
28024,640.3463086206921,597.0517466666639,-43.294561954028154,588.8328586206898,766.8229616666696,177.99010304597982,0.9195803406386807,1.2761648156134462,0.35658447497476553,176.02598793103493,134.38529500000013,-41.640692931034806,272.3260637931036,370.72169833333334,98.39563454022976,1.5643440689190817,2.7638077762978064,1.1994637073787247,-0.16314611350836314,0.26050451076943015,0.4236506242777933,9.522145311302635,12.872078870370338,3.3499335590677024
28026,672.2758844827581,623.4667649999963,-48.809119482761844,586.0688362068964,765.9068950000011,179.83805879310466,0.8717858057680308,1.2211383367304394,0.3493525309624086,182.28991551724178,131.60728166666686,-50.682633850574916,269.5318396551726,370.6889333333331,101.15709367816055,1.4944623464783549,2.8304073709576523,1.3359450244792974,-0.11347918613575339,0.37517443132511774,0.4886536174608711,9.648096494252869,12.982227347222207,3.334130852969338
28031,1091.0758862068963,1052.4192283333334,-38.656657873562835,553.1502275862069,710.107186666668,156.95695908046105,0.5079368223970198,0.6782622844174693,0.17032546202044951,253.79514655172432,172.4208733333333,-81.37427321839101,254.11427068965548,346.5455149999998,92.43124431034431,1.0132410836018921,2.0099054317148095,0.9966643481129174,0.17435452923916456,0.7027000070360889,0.5283454777969243,8.270833615900372,11.512482532407363,3.241648916506991
28033,1307.4420637930987,1269.1387866666657,-38.30327712643293,541.9813689655178,691.7385049999989,149.75713603448105,0.4161972438942847,0.5486943841543679,0.1324971402600832,293.9895034482761,204.08169666666709,-89.907806781609,249.19423103448298,337.47734833333334,88.28311729885036,0.8580177135014151,1.653627622425633,0.7956099089242179,0.2285641210899216,0.7387213573262371,0.5101572362363155,7.646417998084283,10.878348055555577,3.2319300574712937
28039,798.2828741379301,736.6689550000001,-61.61391913793,574.964453448275,757.2988999999984,182.33444655172343,0.7202549608456441,1.0195433051500495,0.29928834430440543,201.30233103448276,140.62643833333343,-60.67589270114934,262.7202137931033,365.617296666666,102.89708287356268,1.3138011507379543,2.620219981116519,1.3064188303785649,-0.0035157196824311203,0.5201835509123689,0.5236992705948,9.35517753831418,12.728491296296284,3.3733137579821033
28040,856.4636706896558,820.4487166666664,-36.0149540229894,560.2097327586205,713.1163416666666,152.9066089080461,0.655944011638794,0.8707468047868203,0.2148027931480263,214.91583448275856,150.3776166666669,-64.53821781609165,254.9876810344825,341.23286166666736,86.24518063218486,1.2001372361220795,2.269285457381545,1.0691482212594656,0.014118424911180157,0.5153505443282147,0.5012321194170345,9.05793707375477,12.277723199074082,3.2197861253193114
28043,1176.9677810344829,1107.4740416666655,-69.4937393678174,539.4716275862072,686.2963850000009,146.8247574137937,0.459449012779509,0.6222432748529916,0.16279426207348258,253.0897189655177,175.4032200000005,-77.68649896551722,248.09696896551742,333.14449333333334,85.04752436781592,0.9911453957727785,1.8993088140678573,0.9081634182950789,0.3253076906156005,0.810979820417653,0.48567212980205254,8.003477758620697,11.26959937962964,3.266121621008942
28044,681.6247724137937,624.2158016666647,-57.40897074712905,577.8378999999989,750.7918799999958,172.95397999999693,0.8477634483693384,1.194387200150595,0.3466237517812567,176.1641120689654,130.05898500000012,-46.10512706896529,265.47855862068934,362.24221500000033,96.76365637931099,1.5224936139851963,2.785396920976093,1.2629033069908968,-0.037432088008717876,0.44074023280528896,0.47817232081400685,9.377873649425275,12.672278699074031,3.2944050496487556
28046,1089.5055413793095,1046.306840000001,-43.19870137930843,551.2769603448273,707.1237016666659,155.84674132183852,0.5069839454881389,0.6793497622384355,0.1723658167502966,245.640262068966,167.39725000000024,-78.24301206896575,253.00902931034483,344.56664500000056,91.55761568965573,1.0420264979199376,2.058355043272619,1.0163285453526814,0.2401155698070771,0.7679930747649857,0.5278775049579085,8.207579281609185,11.456244111111113,3.2486648295019283
28048,816.8861568965499,756.0884333333313,-60.7977235632186,572.1999482758621,742.7122833333339,170.51233505747177,0.7004785771768609,0.9805788446456429,0.280100267468782,194.52236379310347,138.2365066666669,-56.285857126436554,263.0710810344825,360.26539499999944,97.19431396551693,1.3673448858904664,2.606081673678752,1.2387367877882856,0.13084764122532228,0.6474788893436227,0.5166312481183004,9.151690100574717,12.445961856481482,3.294271755906765
28050,616.6012620689646,577.5955116666646,-39.00575040230001,583.6368517241381,754.8382699999992,171.2014182758611,0.9469957787094431,1.2952266177530785,0.3482308390436354,175.51080517241382,138.44798333333347,-37.06282183908036,266.3306413793101,359.78872666666655,93.45808528735643,1.5337583819760146,2.598722060183217,1.0649636782072025,-0.22723386000594814,0.18031359578730655,0.4075474557932547,9.723544683908075,12.994033333333341,3.270488649425266
28052,761.5101155172399,705.2836716666653,-56.22644385057458,573.2784982758621,734.2930333333337,161.01453505747156,0.7535150602803425,1.0388068306096876,0.28529177032934505,201.09451724137926,139.32948500000003,-61.76503224137923,260.5180844827589,350.54497666666646,90.02689218390753,1.307628367930624,2.5208117145894,1.2131833466587758,-0.08424239822471422,0.4380309365279972,0.5222733347527114,9.475236029693457,12.686308620370339,3.2110725906768813
28055,870.2306793103435,818.7879950000015,-51.442684310341974,568.4064931034478,736.5576049999991,168.15111189655124,0.6531796509365404,0.9013566480647008,0.24817699712816044,205.90082413793132,140.50520833333354,-65.39561580459778,261.70215689655197,358.4786783333329,96.77652143678091,1.285224007137543,2.551633531217095,1.266409524079552,0.14351972056737797,0.6898174228494633,0.5462977022820854,9.14753298850574,12.43813755092597,3.2906045624202314
28056,690.3139051724128,644.0251249999988,-46.28878017241402,585.1205448275881,764.4416350000004,179.32109017241226,0.8476337425140925,1.1805768462639188,0.3329431037498263,182.7015655172416,134.20896666666692,-48.492598850574666,270.0264689655171,370.7318016666669,100.70533270114981,1.494224711134002,2.774872232445477,1.280647521311475,-0.0949317596425229,0.3821878505226314,0.47711961016515425,9.58486627873565,12.936932800925913,3.3520665221902632
28060,686.8782086206888,633.489436666664,-53.38877195402483,588.2542224137931,767.8358166666676,179.58159425287454,0.8568460375390062,1.2027802035458741,0.3459341660068679,185.34706551724145,135.96325166666668,-49.38381385057477,270.09289482758606,369.7596283333335,99.66673350574746,1.469609747539181,2.725297152350854,1.255687404811673,-0.09393691577949977,0.39648356903604187,0.4904204848155416,9.568180052681987,12.885787546296264,3.317607493614277
28066,698.3437051724109,644.7686966666665,-53.575008505744336,579.3386637931042,760.1380883333343,180.79942454023012,0.8295941184023242,1.1701415682101306,0.3405474498078064,178.36194310344817,124.50299666666682,-53.85894643678135,265.1668344827584,367.35079999999994,102.18396551724152,1.500295562861595,2.972863801051095,1.4725682381895,-0.01793559065588702,0.5064061976660006,0.5243417883218876,9.605219942528727,12.970656009259269,3.365436066730542
28067,993.0993137931031,934.361628333329,-58.73768545977407,557.8684896551723,716.7043650000008,158.83587534482854,0.5621688489819241,0.7693937885458153,0.2072249395638912,225.27290000000045,156.4603150000001,-68.81258500000035,255.9059672413792,347.36356,91.45759275862082,1.1486622493140293,2.220207452454277,1.0715452031402477,0.22842462824785031,0.7350450229060799,0.5066203946582295,8.638075119731806,11.914487046296253,3.276411926564448
28072,659.0632827586202,609.0305716666657,-50.032711091954525,587.2150344827579,762.9044599999993,175.68942551724138,0.8913893916213174,1.2438957531390393,0.35250636151772197,180.5228051724141,133.5403533333335,-46.982451839080596,270.01842068965533,367.38279333333327,97.36437264367794,1.5082020595978107,2.756524067120627,1.2483220075228163,-0.12144624036401301,0.36198257725263444,0.48342881761664747,9.690328045977028,12.991889097222206,3.3015610512451783
28074,656.7141086206894,612.4907849999998,-44.2233236206896,586.6748241379327,764.8381383333294,178.16331419539677,0.8933708285208241,1.2412182697772614,0.3478474412564373,177.4690224137933,132.61302833333357,-44.85599408045974,271.1756155172418,370.70676666666674,99.53115114942494,1.544958052276372,2.8044365193948453,1.2594784671184733,-0.12918304453629398,0.32456321462619264,0.4537462591624866,9.62246216475095,12.972482129629615,3.3500199648786655
28080,716.6755862068953,662.7803116666678,-53.89527454022755,577.8871982758617,758.2033150000009,180.3161167241392,0.806350212805743,1.1342226969745206,0.32787248416877757,185.21603275862088,131.4217650000001,-53.79426775862078,264.5025689655175,365.37879999999984,100.87623103448232,1.4424338867638453,2.7989496611532854,1.35651577438944,-0.03653694784114871,0.4693069531530288,0.5058439009941775,9.555403697318038,12.917556856481465,3.3621531591634266
28081,738.82073103448,683.5683149999965,-55.25241603448353,574.4266120689663,754.0602216666682,179.63360959770193,0.7774967022209034,1.0903863052172516,0.31288960299634816,192.1912689655171,138.92431000000002,-53.26695896551709,261.6910827586207,359.6997033333335,98.00862057471278,1.3743665072702664,2.6050996488381086,1.2307331415678422,-0.0511760422233941,0.42917716709583537,0.4803532093192295,9.437336561302658,12.799329856481457,3.3619932951787987
28082,657.13042413793,613.719354999999,-43.41106913793101,589.7309879310355,771.6398916666678,181.9089037356323,0.8974484246298192,1.2504670830752234,0.35301865844540414,176.49035172413818,128.87493333333373,-47.61541839080445,271.83968620689643,374.48685666666665,102.64717045977022,1.557048339391864,2.919110639627542,1.362062300235678,-0.11819669162128377,0.36614609925671343,0.4843427908779972,9.692094420498092,13.04579292592593,3.353698505427838
28085,1026.1592689655151,966.1605533333332,-59.998715632181984,554.9046120689652,711.944541666664,157.0399295976988,0.5413170593275507,0.7393997882029423,0.19808272887539158,230.04102241379303,159.5420583333338,-70.49896408045922,254.67954137931014,345.35837833333335,90.67883695402321,1.119532262390943,2.164703548711195,1.045171286320252,0.24903916942159174,0.7537595048326752,0.5047203354110834,8.519563855364005,11.792416453703698,3.2728525983396928
28091,647.3281258620669,596.2985566666647,-51.029569195402246,581.3951724137922,753.576713333333,172.1815409195408,0.8984286836448,1.254013914642043,0.35558523099724304,180.50048103448302,138.35016833333356,-42.15031270114946,266.248953448276,361.3288950000005,95.07994155172452,1.4905561589929253,2.6116541349504097,1.1210979759574844,-0.17661313660424166,0.26560619755919135,0.442219334163433,9.564790574712628,12.84930227777775,3.2845117030651227
28093,652.4136724137907,608.6210666666666,-43.79260574712407,587.3020706896555,765.8124916666673,178.5104209770118,0.9002205211569537,1.2507871088270672,0.3505665876701135,176.5089051724143,132.15228000000022,-44.356625172414084,271.50325344827564,371.19545,99.69219655172435,1.5553211574929202,2.8172936747580914,1.2619725172651712,-0.1331433944516436,0.3184106405288385,0.4515540349804821,9.610224889846718,12.963664800925887,3.3534399110791693
28115,725.5149155172414,667.9679399999984,-57.54697551724303,575.8457172413792,750.9530516666657,175.10733442528647,0.7937304317100341,1.115299062330214,0.3215686306201798,184.2540620689657,134.62248833333354,-49.63157373563217,264.3973620689651,362.1069600000001,97.70959793103498,1.4495367506969572,2.6908935278497674,1.2413567771528102,-0.00346352696433818,0.48849844580596535,0.4919619727703035,9.25227784482759,12.569059958333327,3.3167821135057363
28116,687.7068362068942,633.1651133333323,-54.541722873561866,581.8786706896552,757.3480416666642,175.46937097700902,0.8461465684602913,1.187705059098629,0.34155849063833754,180.08084827586237,132.42945666666685,-47.651391609195514,267.1048568965518,364.94119833333286,97.83634143678108,1.4988738213237527,2.7575794002197807,1.258705578896028,-0.05671825953035353,0.4284119071023327,0.4851301666326862,9.457089568965488,12.758024208333381,3.3009346393678936
28117,1114.118698275859,1052.2436633333346,-61.87503494252451,546.1451586206903,697.2031249999985,151.05796637930825,0.49119653423413623,0.6655244395468167,0.1743279053126805,243.73151379310363,168.12185666666701,-75.60965712643662,251.03652931034497,338.9490983333339,87.91256902298892,1.041666443858166,2.016093164375822,0.974426720517656,0.29338254990534607,0.7911977242148127,0.49781517430946665,8.215038271072796,11.477653527777793,3.262615256704997
29002,699.4016034482725,673.2648533333304,-26.13675011494206,587.8645534482762,751.8831933333331,164.01863988505693,0.84090711430883,1.1154834103642925,0.2745762960554625,184.44580517241408,148.2091316666668,-36.23667350574729,270.335884482759,356.0401016666667,85.7042171839077,1.476966247416048,2.4022382345166826,0.9252719871006345,-0.06230899464844221,0.34609561663598487,0.40840461128442707,9.543006326628388,12.7526404351852,3.209634108556811
29003,706.9062827586181,680.7038416666662,-26.20244109195187,584.838705172414,750.1010233333321,165.26231816091808,0.8279538040243453,1.1033435108214091,0.27538970679706387,186.9413034482759,150.7356533333338,-36.2056501149421,269.14603448275875,355.06204333333346,85.91600885057471,1.4512251284957485,2.355873295872393,0.9046481673766447,-0.06207576899330673,0.3433362273749342,0.40541199636824093,9.377153242337183,12.59176147685187,3.214608234514687
29005,637.1204620689608,610.6804166666675,-26.440045402293322,579.6283327586204,743.1161766666689,163.4878439080485,0.9115091292524087,1.2189520582353803,0.30744292898297165,173.38560000000024,135.7488266666667,-37.63677333333354,266.40884137931056,353.7732916666662,87.36445028735562,1.547216234333973,2.6085345023848046,1.0613182680508315,-0.1345090438434034,0.29308510528829496,0.42759414913169835,9.638830852490402,12.883047587962984,3.244216735472582
29009,608.2719672413793,581.1311799999988,-27.140787241380508,591.1931172413804,763.8125083333333,172.61939109195293,0.9748826223210854,1.3148378347849612,0.33995521246387583,173.11514482758633,134.86692166666668,-38.24822316091965,270.72196724137916,363.827926666667,93.10595942528784,1.5736539744675255,2.7009960578137937,1.1273420833462682,-0.21671859090453263,0.1997809181077492,0.41649950901228183,9.766892581417611,13.038343101851893,3.271450520434282
30001,624.8366293103434,587.4875616666664,-37.34906764367702,593.631737931036,772.4535033333331,178.82176540229705,0.9501186222184265,1.3107497654835292,0.3606311432651027,175.6546120689656,135.9432250000001,-39.71138706896551,274.23654827586194,372.16940999999974,97.93286172413781,1.5723513404458724,2.739429899968324,1.1670785595224518,-0.2027298749440441,0.21525694216880747,0.41798681711285157,9.639452715517223,12.975789805555548,3.3363370900383256
30004,697.0124689655145,674.1277566666643,-22.884712298850218,588.0541913793091,751.7408783333333,163.68668695402414,0.8451026641210941,1.1134937441808372,0.2683910800597431,185.12338275862072,148.2036916666666,-36.91969109195412,271.1590982758622,357.84777499999996,86.68867672413774,1.4754186724645426,2.414484022131322,0.9390653496667793,-0.07603967356433212,0.337734046667027,0.4137737202313591,9.579958103448254,12.803567370370365,3.223609266922111
30005,657.8277603448267,616.9401366666635,-40.88762367816321,594.5538517241387,776.701546666668,182.14769494252937,0.9038569671823955,1.2533933682707734,0.3495364010883779,179.46447413793118,138.84676666666678,-40.617707471264396,275.0290172413796,374.87008333333205,99.84106609195243,1.5437435617492845,2.701929316224925,1.1581857544756406,-0.16272053286015759,0.24566344947352664,0.4083839823336842,9.458054928160921,12.802803407407374,3.3447484792464532
30011,700.5104448275828,674.6181066666654,-25.892338160917348,583.0394000000003,750.8459016666684,167.80650166666805,0.8331025913121297,1.1142452442680675,0.28114265295593777,185.11715517241385,146.5138800000002,-38.603275172413646,267.7848620689655,356.00994166666646,88.22507959770098,1.456863893508002,2.4303173548158163,0.9734534613078143,-0.06826045030357067,0.35872641589808785,0.4269868662016585,9.271409286398459,12.500422777777757,3.2290134913792983
30012,639.5239534482758,617.7209933333334,-21.802960114942493,585.3922568965513,752.0725616666684,166.68030477011712,0.9169944303307261,1.2187292125737952,0.30173478224306904,175.85204310344866,137.11027666666678,-38.74176643678189,268.9647827586207,358.21946000000037,89.25467724137968,1.540157994798943,2.6125874196966583,1.0724294248977153,-0.14032130241293395,0.30985355067409587,0.4501748530870298,9.609294022988495,12.857002194444462,3.247708171455967
30014,602.1554155172403,572.0113633333327,-30.144052183907547,608.8347120689655,793.3800666666668,184.54535459770136,1.0111050831934274,1.3798383132139322,0.36873323002050484,166.94447413793074,133.7276900000001,-33.21678413793063,280.7938379310343,380.82797333333326,100.03413540229894,1.6993546558367076,2.8510922536530012,1.1517375978162936,-0.19310659904067484,0.1826779096745946,0.37578450871526947,9.900665991379311,13.23115372685185,3.3304877354725395
30015,668.638072413793,629.1682083333326,-39.46986408046041,593.627467241379,775.659516666668,182.03204942528896,0.8878799493272633,1.2282676113763613,0.340387662049098,182.75709137931045,140.01005666666686,-42.7470347126436,274.54215172413785,374.51891999999964,99.97676827586179,1.5132254213826242,2.677893051907562,1.1646676305249377,-0.162596727951898,0.25990611207457803,0.42250284002647603,9.400257658045984,12.742967180555596,3.3427095225096117
31002,626.1257362068941,587.7702333333323,-38.35550287356182,601.7035724137913,784.3220633333345,182.6184909195432,0.9610239159079534,1.3303355530773917,0.36931163716943827,171.52579137931036,134.6226933333333,-36.90309804597706,278.0839172413796,377.6272566666674,99.5433394252878,1.634079321518624,2.8057562063112162,1.1716768847925922,-0.17663242367706583,0.21687506557751376,0.39350748925457957,9.769712533524931,13.11425596296297,3.3445434294380387
31006,653.8873551724107,609.1076983333302,-44.77965683908053,595.1832999999999,776.727300000001,181.54400000000112,0.9102350408254904,1.2701849310486264,0.35994989022313595,177.09888620689668,138.8155199999999,-38.28336620689677,276.0950327586209,375.79978833333337,99.70475557471246,1.57471243387316,2.7071985068878233,1.1324860730146633,-0.1552473130427866,0.2384824206382847,0.39372973368107134,9.615544042145592,12.975220115740761,3.3596760735951694
31010,665.383839655171,619.2156516666621,-46.16818798850886,593.9273224137931,775.8342483333333,181.90692591954019,0.8926180253924851,1.2471908352872494,0.35457280989476425,180.04855689655147,140.59367000000034,-39.45488689655113,275.7441672413793,376.0539750000004,100.3098077586211,1.5482901747795896,2.6748563163079564,1.1265661415283668,-0.14252864345721916,0.2557589260070726,0.3982875694642918,9.581701331417648,12.947339717592591,3.3656383861749433
31021,661.3328758620673,611.8687933333304,-49.46408252873698,591.2879775862061,772.8005033333332,181.51252574712703,0.894098362231071,1.2561695284799417,0.3620711662488707,179.3327637931034,133.15287833333343,-46.17988545976996,274.1529844827584,375.7425550000009,101.58957051724246,1.5462725014060104,2.8224983682150637,1.2762258668090534,-0.13771367087656855,0.3187819973416564,0.45649566821822496,9.619435699233762,12.994153555555567,3.374717856321805
31023,655.6080844827571,617.7818116666649,-37.82627281609223,598.7343068965511,781.9708749999998,183.2365681034487,0.9132961912961449,1.2666625720768128,0.35336638078066784,179.27686379310356,139.81835,-39.45851379310355,276.43760000000026,376.542595,100.10499499999975,1.553720732322061,2.693792829777262,1.1400720974552012,-0.16498769583917883,0.23567986825829193,0.40066756409747073,9.545929966475052,12.888101300925944,3.3421713344508923
31025,689.6904327586187,641.4448999999996,-48.245532758619106,592.1259827586202,775.5897716666656,183.46378890804533,0.858546260351569,1.2031562197322112,0.3446099593806422,185.57271206896553,144.61670833333346,-40.956003735632066,274.6669758620692,376.26405499999964,101.59707913793045,1.4951732713102273,2.6021371619224016,1.1069638906121744,-0.12915611350173953,0.2712613387220887,0.4004174522238282,9.344197442528722,12.703607476851822,3.3594100343230995
32003,642.9348517241385,599.803906666664,-43.13094505747449,600.0951706896549,787.391396666666,187.2962259770111,0.9333731560005916,1.3068148785507976,0.373441722550206,168.22939827586217,128.70868833333364,-39.520709942528526,278.57756206896545,381.80128166666697,103.22371959770152,1.6743487148641127,2.966348150215744,1.291999435351631,-0.10043675660376392,0.32316841013146025,0.4236051667352242,9.799555158045989,13.187712976851849,3.38815781880586
32004,657.9398413793078,610.8109783333314,-47.12886304597646,597.5884327586211,784.8017216666663,187.21328890804512,0.9082766661015904,1.2788544444554222,0.37057777835383177,171.96744482758646,128.96140333333375,-43.00604149425271,277.18790344827585,381.4263400000001,104.23843655172425,1.6273230081074255,2.957619171715816,1.3302961636083905,-0.09262845090380345,0.34856150287422527,0.4411899537780287,9.702611824712676,13.099956805555529,3.3973449808428526
32006,663.8770396551727,616.0632899999969,-47.8137496551758,593.0753431034482,779.1212866666667,186.04594356321854,0.8933562985433234,1.260460348417364,0.36710404987404055,169.48777758620713,126.35404166666692,-43.133735919540214,274.92903103448305,380.38904499999956,105.46001396551651,1.6269767930845949,3.0112089761439176,1.3842321830593227,-0.06785622556571971,0.36744647257570345,0.4353026981414232,9.660655919540233,13.057955212962954,3.397299293422721
32008,663.8190413793076,616.4818599999995,-47.33718137930805,592.3387551724137,778.1655200000001,185.82676482758643,0.8923279518835442,1.2572445887025507,0.36491663681900655,172.62511206896588,128.89972666666682,-43.725385402299054,274.37448448275825,379.53516666666644,105.1606821839082,1.5956565092865893,2.9453756925690073,1.349719183282418,-0.09323672581732922,0.34462434021395694,0.43786106603128616,9.608298491379294,12.999029902777796,3.3907314113985016
33006,678.9923551724135,638.7253983333311,-40.266956839082354,610.4286758620676,789.7755400000018,179.34686413793418,0.8987299205620531,1.23803405117217,0.33930413061011677,180.06907758620702,140.97482833333336,-39.09424925287365,282.9115775862067,378.9858116666667,96.07423408045997,1.5837962433776895,2.688338628940566,1.1045423855628766,-0.0952529125102968,0.29840041014509977,0.39365332265539654,9.992224645593907,13.333807092592599,3.3415824469986912
33007,696.3629017241354,651.6947416666669,-44.668160057468526,605.8181931034487,782.5655166666676,176.74732356321886,0.869170542909661,1.2027771535974163,0.3336066106877553,183.94456551724159,143.8076333333335,-40.13693218390807,280.57724655172404,373.88849666666647,93.31125011494242,1.536906853809591,2.5998611532094813,1.0629542993998904,-0.09867211042733032,0.29158306125779715,0.39025517168512747,9.853243587164712,13.172730708333344,3.319487121168631
33012,605.5750344827572,571.5288716666655,-34.04616281609174,610.4125844827581,803.8119266666674,193.3993421839093,1.0080042478694828,1.407684438046434,0.3996801901769511,155.1767413793105,119.31677166666668,-35.85996971264382,283.4808344827586,389.8973816666668,106.41654718390816,1.8485344450949146,3.2677126254910975,1.419178180396183,-0.06993062442277376,0.34359677866537275,0.4135274030881465,10.021956824712653,13.457719083333327,3.4357622586206737
33013,606.3077448275874,573.1095083333327,-33.19823649425473,615.4605913793116,800.0741516666694,184.6135602873578,1.0151797406617988,1.3939175870601792,0.3787378463983804,160.76136379310344,128.92021500000007,-31.841148793103372,286.73771724137947,385.8586049999998,99.12088775862031,1.7973018247478467,2.9975606684578917,1.200258843710045,-0.09137023858030859,0.2571553056393869,0.34852554421969545,10.096423457854396,13.490745717592663,3.394322259738267
33014,621.5447551724128,589.2095466666638,-32.33520850574905,615.2517448275872,801.1831416666682,185.931396839081,0.9899295585305836,1.3608358812951484,0.3709063227645648,167.6062844827588,134.89371333333352,-32.71257114942529,286.47368620689684,387.32912333333354,100.8554371264367,1.7229355436741394,2.87543713224327,1.1525015885691305,-0.11090216577112656,0.2480858857525913,0.3589880515237179,10.055549837164737,13.466292550925942,3.4107427137612056
33018,686.3539051724138,639.7231283333326,-46.630776839081136,595.6429724137919,784.1889916666692,188.54601925287727,0.8678367266551983,1.228059038445935,0.3602223117907366,167.07348103448294,121.89694000000011,-45.176541034482824,276.27802586206894,384.1469333333329,107.86890747126398,1.656987395565001,3.1517656532918714,1.4947782577268705,0.011523122886819517,0.46638367039658807,0.45486054750976856,9.659975483716469,13.074491032407423,3.4145155486909538
33019,647.0999224137929,610.3310633333303,-36.76885908046256,613.8009982758585,793.278143333334,179.47714505747547,0.948620463561411,1.3009463170385618,0.35232585347715073,173.59382241379308,139.17829500000028,-34.4155274137928,284.6192603448277,379.56210166666665,94.94284132183896,1.6515392790804881,2.727826580576191,1.0762873014957028,-0.1062449197425833,0.2545824009368201,0.3608273206794034,10.084988778735614,13.42878839351848,3.343799614782867
33020,584.532282758621,553.5268833333315,-31.00539942528951,612.7599637931031,805.2079333333346,192.4479695402315,1.0483165789556756,1.45581168056388,0.40749510160820446,153.76485689655212,118.29263000000017,-35.472226896551945,284.2969655172411,389.1343666666667,104.8374011494256,1.8710772467916796,3.289539274337913,1.4184620275462332,-0.12590261307518935,0.2935955324803635,0.41949814555555287,10.0780729501916,13.497421050925926,3.419348100734325
33021,580.0696258620669,539.3293299999993,-40.74029586206757,611.8090379310341,802.6003999999976,190.7913620689635,1.0547334193763316,1.4891594973657272,0.4344260779893956,154.25864482758647,120.38026833333367,-33.87837649425279,285.07125000000036,390.70025666666686,105.6290066666665,1.8701598067341023,3.247335954690589,1.3771761479564866,-0.11656478045939905,0.27203485040457565,0.3885996308639747,10.175459870689672,13.62064411574076,3.445184245051088
33022,602.0823413793084,557.1118483333319,-44.97049304597658,604.9167017241375,794.6816983333333,189.7649966091958,1.0047069675683897,1.4274766298403572,0.42276966227196744,151.9649879310347,117.22163833333359,-34.74334959770111,282.07208448275867,388.4491616666668,106.37707718390811,1.8682757579092197,3.3147563367402664,1.4464805788310466,-0.04465475450179412,0.35551296476500993,0.40016771926680406,10.050782385057431,13.521058310185232,3.470275925127801
33023,610.966153448276,575.3203449999986,-35.64580844827742,616.0595327586201,803.9517433333353,187.89221057471525,1.008376222864978,1.3980478764442876,0.38967165357930966,166.5756103448278,132.66396666666657,-33.91164367816123,286.82657413793106,389.77632833333337,102.9497541954023,1.7363644877604554,2.891787213979919,1.1554227262194636,-0.14246080506897865,0.2400990071035673,0.382559812172546,10.028168884099614,13.456180777777762,3.428011893678148
33024,608.3591551724121,565.4828550000001,-42.876300172412016,612.7722655172424,805.0683800000031,192.2961144827607,1.0072848090387865,1.4241535105603242,0.41686870152153777,159.62627586206912,124.88070000000008,-34.745575862069046,285.8933655172412,392.5209299999998,106.6275644827586,1.8123322412403788,3.073697960516278,1.2613657192758994,-0.0686886673502953,0.33179323666519234,0.40048190401548767,10.00666758620688,13.46215245833331,3.45548487212643
33026,629.1793258620696,588.9115649999983,-40.26776086207133,602.4008310344803,791.5093000000011,189.10846896552073,0.9574387642575415,1.3469331803268934,0.38949441606935187,155.19968620689656,116.87579333333335,-38.32389287356321,280.5167017241379,387.49660999999924,106.97990827586136,1.8163265930394479,3.3158143113487557,1.4994877183093078,-0.008275255761029164,0.421877763350582,0.4301530191116112,9.96818547413795,13.420522976851863,3.452337502713913
33028,619.2174999999988,573.8830983333308,-45.334401666667986,603.7077586206897,793.1621200000027,189.454361379313,0.9749548756842892,1.3831455100395822,0.408190634355293,152.11090172413822,116.61564500000006,-35.49525672413816,281.26664137931033,388.40114833333286,107.13450695402253,1.8494164946922764,3.333140728342172,1.4837242336498957,-0.010527073541719575,0.3948050245304736,0.40533209807219317,9.959157040229917,13.434536092592582,3.4753790523626655
33029,647.6099189655159,609.5049649999996,-38.1049539655163,610.2625034482759,789.1465433333315,178.88403988505559,0.9413467684551557,1.2983277237376156,0.3569809552824599,173.6613655172415,135.28871500000005,-38.37265051724145,282.755801724138,378.85891999999956,96.10311827586156,1.641610835318592,2.80046976723996,1.158858931921368,-0.14140728044439776,0.268901012138154,0.41030829258255175,10.090719176245225,13.434578601851856,3.343859425606631
33031,648.5271482758628,603.7032833333317,-44.823864942531145,602.0780844827575,790.797484999999,188.71940051724152,0.9283793605880847,1.3127990758728574,0.3844197152847727,156.84643620689647,118.08287166666685,-38.76356454022962,279.9440534482762,387.1155183333342,107.17146488505801,1.7838924387968733,3.2796995917166787,1.4958071529198054,0.013458184909238065,0.4349670002211721,0.421508815311934,9.909894118773959,13.380816375000014,3.4709222562260553
33032,674.050962068962,643.5730783333311,-30.47788373563094,603.2703982758624,772.9617033333323,169.6913050574699,0.8922455155076245,1.1977290216657321,0.3054835061581076,177.269081034483,138.62897333333365,-38.64010770114936,279.5553068965519,365.8818549999995,86.32654810344764,1.589255322602916,2.6270080609249042,1.0377527383219882,-0.08227836331597017,0.2987082415699004,0.38098660488587055,9.787483975095757,13.040871958333328,3.2533879832375714
33033,619.1730775862051,573.9548199999997,-45.21825758620537,601.657560344828,789.6094849999974,187.95192465516948,0.9717107320442074,1.3804871885214696,0.40877645647726213,153.33299655172436,117.86551500000002,-35.46748155172435,280.83032586206946,386.32693666666614,105.49661080459668,1.8493307231811502,3.279134868195482,1.429804145014332,0.002123926254130031,0.40671853452487944,0.4045946082707494,9.988503577586204,13.459589810185149,3.471086232598944
33034,629.4509293103473,595.4330249999973,-34.01790431034999,614.4068206896559,795.9138349999962,181.5070143103403,0.9761785820501554,1.3380594488372313,0.36188086678707587,168.7192086206898,134.88256666666658,-33.836641954023236,285.5172206896552,382.258135,96.7409143103448,1.7051270957982,2.8356416256580985,1.1305145298598984,-0.10593412159597683,0.25303001354259935,0.35896413513857617,10.103492787356306,13.469157699074033,3.3656649117177277
33035,607.4148999999977,571.5228416666664,-35.892058333331306,612.4890362068952,797.4437616666653,184.9547254597701,1.0084114744753427,1.396413426261343,0.3880019517860003,164.62056724137938,129.82175333333362,-34.79881390804576,285.3258741379311,385.9562066666666,100.6303325287355,1.7500119730625374,2.9746919667496536,1.2246799936871162,-0.13613217883864848,0.24131119463753192,0.3774433734761804,10.1473614415709,13.548926060185252,3.4015646186143513
33039,646.6617465517231,606.5620383333319,-40.09970821839124,600.7642120689649,789.2790616666673,188.51484959770244,0.9290234797532686,1.3048206639014763,0.37579718414820773,156.43936379310367,116.22631666666658,-40.21304712643709,279.2982724137928,386.7411116666669,107.44283925287408,1.7885097530594642,3.3280693006294837,1.5395595475700194,0.021033068033298023,0.4672738370077194,0.4462407689744214,9.907413706896534,13.356058217592548,3.4486445106960133
33053,594.0211655172413,555.3418599999989,-38.67930551724248,614.8608034482763,805.8754833333345,191.01467988505817,1.0351225237943567,1.4516760043121977,0.416553480517841,161.22355000000005,126.70587000000016,-34.517679999999885,286.4381810344829,392.008231666667,105.57005063218406,1.796314245177302,3.0215065417990496,1.2251922966217477,-0.13444825680582936,0.2635534743094913,0.39800173111532067,10.026973247126424,13.480075462962926,3.453102215836502
33054,677.0993327586199,642.9994983333331,-34.09983442528676,602.8991982758628,778.9990799999982,176.09988172413546,0.8889960958465553,1.2130630177013808,0.32406692185482555,179.01046551724144,139.97099333333355,-39.03947218390789,278.39936724137954,370.25813833333314,91.8587710919536,1.5649334919089848,2.645853067746973,1.0809195758379884,-0.08371819602722125,0.2964121022704632,0.38013029829768447,9.85248641283525,13.1562143148148,3.303727901979551
33058,649.4156551724152,607.6919283333332,-41.72372683908202,599.1533120689633,786.2238199999983,187.07050793103508,0.9226086058373704,1.2949347917920555,0.37232618595468514,153.00567758620693,114.92920500000035,-38.07647258620658,279.07627758620686,386.33464833333426,107.2583707471274,1.8247399326907034,3.3663377841705424,1.541597851479839,0.06910508862421688,0.5094080899698641,0.4403030013456472,9.844549104406155,13.32547009259262,3.4809209881864653
34002,638.1390293103422,599.8172416666657,-38.32178764367643,614.933844827587,793.0578900000027,178.12404517241566,0.9637299405826443,1.322764922096507,0.3590349815138627,173.46599310344823,144.14506333333338,-29.320929770114844,284.81576724137915,376.3011666666665,91.48539942528737,1.6539397135027465,2.601079111871277,0.9471393983685306,-0.11633990480801862,0.21954894263568075,0.3358888474436994,10.042542227011538,13.355897023148113,3.3133547961365757
34003,700.9772879310328,664.802906666667,-36.17438126436582,597.8710620689646,764.5839216666659,166.71285959770125,0.8529811154483828,1.152457614585913,0.29947649913753005,185.20914482758633,152.69442666666686,-32.51471816091947,275.29733965517255,358.85206833333325,83.5547286781607,1.4981667399658987,2.3500034044309044,0.8518366644650057,-0.0882140860646577,0.24038061159934015,0.32859469766399785,9.80174879789272,13.019682240740794,3.2179334428480733
34004,697.1815620689629,652.7613383333342,-44.420223735628724,603.5051568965534,776.1728733333302,172.6677164367768,0.8654870882741503,1.1908897466289488,0.3254026583547984,184.37595172413825,147.78537833333337,-36.59057339080488,279.1582086206897,367.9045366666669,88.74632804597718,1.5280801490687206,2.4897678353537094,0.9616876862849888,-0.08909561705789593,0.26271237033056766,0.3518079873884636,9.864081465517234,13.148309875000015,3.2842284094827807
34005,685.7811793103436,638.07248,-47.708699310343604,610.4360758620699,789.4096900000029,178.97361413793305,0.8902080540366524,1.2385065210423276,0.34829846700567524,182.28517758620734,146.38699333333355,-35.89818425287379,282.0016275862067,374.34669833333317,92.34507074712644,1.5635844726881793,2.5584081272270787,0.9948236545388993,-0.08751277969021362,0.264385155186958,0.3518979348771716,9.935282830459771,13.245068560185189,3.3097857297254176
34006,611.4886879310359,578.8234066666654,-32.66528126437049,618.1308689655186,798.3764033333355,180.24553436781684,1.0109294432970028,1.3784796136568898,0.3675501703598869,164.70950517241437,134.93032666666673,-29.779178505747637,287.10165000000006,381.7101250000003,94.60847500000023,1.75722468729766,2.8350809954246174,1.0778563081269574,-0.09900209150499892,0.23973114395375617,0.3387332354587551,10.113375747126442,13.463044416666726,3.349668669540284
34007,602.7841672413784,569.6985466666665,-33.085620574711925,618.9920793103438,800.9690483333327,181.9769690229889,1.0269598768068033,1.403743301078776,0.37678342427197276,160.62563620689664,131.14842166666676,-29.47721454022988,287.76401206896605,383.9712250000004,96.20721293103435,1.8061083108637312,2.9299993019059953,1.123890991042264,-0.08656981588541558,0.26446080820922835,0.3510306240946439,10.109040818965502,13.472225435185194,3.3631846162196926
34008,662.5089827586219,627.5926166666659,-34.91636609195598,598.9733275862064,759.8514283333332,160.87810074712672,0.9041663971329357,1.2041266778376103,0.2999602807046746,179.80413275862088,148.13338833333356,-31.670744425287324,275.27518448275896,355.2382633333337,79.96307885057473,1.5429507342777684,2.3790676037762593,0.8361168694984908,-0.12260732725948764,0.2146346426771587,0.33724196993664635,9.921040804597721,13.099625532407416,3.178584727809694
34010,617.950881034483,585.2009166666653,-32.74996436781771,616.7664603448284,796.2410766666687,179.47461632184036,0.9981565034976415,1.3617958922993663,0.36363938880172475,167.78936379310346,136.87604999999996,-30.913313793103498,286.23021724137914,380.43095833333336,94.20074109195423,1.7182564841156989,2.783065414581009,1.0648089304653103,-0.1102666066927356,0.22046880559234155,0.33073541228507713,10.115738429118789,13.465424828703632,3.3496863995848436
34011,708.0290379310322,669.1166249999993,-38.91241293103292,602.4784896551719,775.2890116666681,172.81052201149623,0.8491894543854256,1.160721132213148,0.3115316778277225,185.5263137931035,147.6511250000001,-37.875188793103405,279.0043465517243,368.11194333333333,89.107596781609,1.515001901471006,2.4931080885539982,0.9781061870829921,-0.07655816264403405,0.2809494693177613,0.35750763196179536,9.769886997126445,13.051243046296314,3.281356049169869
34012,684.282329310345,655.6195966666662,-28.662732643678737,599.4980568965527,771.4854483333351,171.98739143678233,0.8733213453226946,1.1765247327634891,0.30320338744079456,178.05981551724142,143.23579333333356,-34.82402218390786,276.3468396551725,364.32525333333274,87.97841367816022,1.562759688287699,2.543950468299279,0.98119078001158,-0.059096901714819274,0.28443644105620614,0.34353334277102543,9.808699841954052,13.070874884259263,3.262175042305211
35003,615.728544827585,587.7552466666643,-27.97329816092065,621.3216982758629,796.6897099999994,175.36801172413652,1.0091162816830268,1.3534767219407442,0.3443604402577174,161.26621724137942,132.30738666666653,-28.95883057471289,288.0060327586209,377.0713216666678,89.06528890804691,1.8034565839810042,2.8295712639263373,1.0261146799453331,-0.04879099753630144,0.3122107359303478,0.36100173346664927,10.203588290229902,13.479721185185216,3.276132894955314
35008,600.410993103447,568.3222233333324,-32.088769770114595,617.9226775862055,804.087598333336,186.1649207471305,1.0292477444723593,1.4151067339716763,0.38585898949931696,156.634229310345,127.65935500000018,-28.97487431034483,287.7240189655172,387.0382150000002,99.31419603448302,1.8513240714088592,3.0389050671037743,1.187580995694915,-0.07543533427463636,0.2839375817666835,0.3593729160413198,10.07546765325672,13.468281893518512,3.3928142402617922
36003,588.2952379310334,561.821979999999,-26.473257931034368,620.4366724137927,809.0933616666687,188.65668925287594,1.0546882329676244,1.441009157921329,0.38632092495370474,153.95903793103457,122.81366000000003,-31.145377931034545,288.7710362068963,390.285795,101.51475879310368,1.8972223528960561,3.134253370787091,1.2370310178910349,-0.06182633796562678,0.332937963339152,0.3947643013047788,10.153950694444411,13.558343782407427,3.4043930879630153
36006,602.3449672413763,571.4385649999979,-30.906402241378373,618.4293586206902,808.4092466666689,189.97988804597867,1.0267505259069558,1.4154632213219833,0.3887126954150275,161.41382758620708,128.42487999999997,-32.988947586207104,287.96096034482764,391.5008566666665,103.53989632183885,1.804984802905505,3.002071082108849,1.197086279203344,-0.09346529851452609,0.29763482650402406,0.3911001250185502,10.044854032567063,13.47613036574073,3.431276333173667
36009,626.7124706896553,592.9345066666651,-33.777964022990204,618.648858620689,809.3985899999989,190.74973137930988,0.9872069345660457,1.3631397701334647,0.37593283556741897,164.58016551724174,132.3856000000002,-32.19456551724153,288.2519379310346,391.17651166666724,102.92457373563263,1.7659052324849707,2.9491899320310084,1.1832846995460378,-0.06704279744569626,0.30590288252788195,0.3729456799735782,9.938694521072748,13.358718893518516,3.420024372445768
36010,602.383996551722,567.6696933333311,-34.71430321839091,616.9255534482751,810.645701666667,193.72014821839196,1.0241851629626022,1.428813251135526,0.40462808817292384,160.55092758620702,127.92468500000003,-32.626242586207,287.8680620689654,394.778606666667,106.91054459770157,1.814838666191699,3.054712808548672,1.2398741423569728,-0.09107786618518032,0.29636729474383594,0.38744516092901626,9.929793783524921,13.386260351851835,3.4564665683269133
36011,612.9454999999978,576.5069349999997,-36.43856499999811,616.217620689657,809.0147616666691,192.79714097701208,1.005383477553996,1.4040823324936516,0.3986988549396555,164.52712931034512,130.3855866666667,-34.141542643678406,287.2202672413793,393.4297599999999,106.20949275862057,1.7668105850452271,2.964460744372255,1.1976501593270277,-0.10237895668929256,0.2892350358171579,0.39161399250645046,9.892180809386975,13.34816060185187,3.4559797924648947
36012,627.1762327586202,589.6945183333314,-37.48171442528883,617.9376155172426,810.8215066666679,192.88389114942527,0.9853118258661702,1.3757237273911602,0.39041190152499006,169.87834137931057,134.47229666666684,-35.406044712643734,287.6947655172414,393.7073616666669,106.01259614942546,1.7113117088940477,2.868594442569902,1.1572827336758542,-0.11687455572941297,0.2764141419037674,0.39328869763318036,9.883975368773946,13.334568888888896,3.45059352011495
37001,613.783858620689,584.5131116666648,-29.270746954024162,616.3754482758604,813.8569516666673,197.4815033908069,1.0042367928232254,1.3871114464818577,0.38287465365863227,152.44258448275872,117.8693066666668,-34.57327781609192,286.3333810344827,393.6399766666668,107.3065956321841,1.9004991243808065,3.366661799286145,1.4661626749053385,0.016545084302264274,0.44721199177580684,0.4306669074735426,10.197598879310357,13.676818740740728,3.479219861430371
37003,585.8128637931029,556.106216666665,-29.70664712643793,621.8767275862072,817.8213599999992,195.94463241379208,1.061593344588053,1.469636175598993,0.4080428310109401,151.4740810344829,115.36523333333338,-36.10884770114953,289.2237827586205,395.2561049999998,106.03232224137935,1.9327238571271055,3.373330103449712,1.4406062463226066,-0.043304390119029736,0.3894515970348425,0.43275598715387226,10.220200526819935,13.662866074074065,3.44266554725413
37005,588.9998672413801,562.8196133333311,-26.180253908049053,621.2556413793109,814.084588333334,192.82894695402308,1.0548101234561815,1.4471732554226597,0.3923631319664782,154.56826551724157,124.15944166666688,-30.40882385057469,289.07132413793113,393.8267050000002,104.75538086206905,1.8927497686295043,3.1824073799731067,1.2896576113436025,-0.06487938800322425,0.3201710993719455,0.3850504873751697,10.14318734195403,13.570295324074078,3.427107982120047
37008,604.5643827586161,569.6110033333323,-34.953379425283856,617.7033913793085,812.9931766666674,195.28978528735888,1.0217594336991103,1.42768024101605,0.4059208073169398,153.92313275862102,119.4429933333333,-34.48013942528772,287.61798103448274,394.471101666667,106.85312063218424,1.891062454784211,3.2444453558290904,1.3533829010448795,-0.015015840708110814,0.40181397188784046,0.41682981259595125,10.093542586206908,13.549871129629599,3.456328543422691
37009,592.720749999999,564.7508966666658,-27.969853333333276,618.970399999999,812.2584633333335,193.28806333333443,1.0443190855930968,1.438057512949078,0.3937384273559812,153.5852793103452,119.70754166666667,-33.877737643678515,288.2278896551725,393.2603649999998,105.03247534482733,1.899833196311951,3.2470036706715817,1.3471704743596307,-0.05403109876501193,0.3562463778478505,0.41027747661286246,10.1751958716475,13.616347277777777,3.4411514061302775
37010,593.6022068965483,565.802609999999,-27.799596896549247,619.4138844827585,812.4360483333335,193.022163850575,1.0435211202561925,1.4363059370582667,0.3927848168020742,155.16718103448272,122.7169199999999,-32.45026103448282,288.32258620689646,393.4044266666665,105.08184045977004,1.880964097523782,3.165965570796799,1.285001473273017,-0.062144365830156936,0.33579407879934675,0.3979384446295037,10.144761039272021,13.5820687638889,3.437307724616879
37011,617.4938913793105,578.3032049999993,-39.19068637931127,616.5985224137944,812.7217616666667,196.12323925287228,0.9985776669122735,1.4074825394248036,0.40890487251253016,158.31507758620728,125.23661500000009,-33.078462586207195,287.5293999999999,395.73345333333293,108.20405333333304,1.838372411111842,3.089190114091303,1.250817702979461,-0.026414695979582986,0.3718314384047506,0.39824613438433354,9.970032959770126,13.42956853240737,3.459535572637243
37018,596.6640586206881,569.7494266666658,-26.914631954022298,615.1718431034483,811.1084916666682,195.93664856321993,1.0310343961533022,1.417017857193787,0.38598346104048487,149.4432551724139,112.37006000000011,-37.07319517241379,285.81356206896555,391.1424233333329,105.32886126436733,1.9353418848228685,3.4743794059232576,1.539037521100389,0.0064954671693987845,0.45498354266398366,0.44848807549458486,10.258314818007658,13.729592444444446,3.4712776264367875
37019,591.3194189655173,567.909269999996,-23.41014896552133,612.82685862069,806.5736049999982,193.7467463793082,1.0363801102709413,1.4092003970077371,0.3728202867367958,147.25915517241404,111.8193500000001,-35.43980517241394,284.90612413793104,389.09686666666687,104.19074252873583,1.9565551043305196,3.449144138660833,1.4925890343303134,0.014049904039097411,0.45774911384773376,0.44369920980863636,10.398861202107277,13.885348555555513,3.4864873534482363
37020,613.216579310345,576.4471983333347,-36.769380977010314,617.0351896551699,812.8899816666676,195.8547920114977,1.0062532597064897,1.4106123598937765,0.4043591001872868,156.41528793103473,123.05749000000023,-33.3577979310345,287.6000051724143,395.29025333333357,107.69024816091928,1.8610341832509643,3.1539336530479907,1.2928994697970264,-0.01950266716537093,0.38350519023940016,0.4030078574047711,10.023499123563266,13.481242421296297,3.457743297733032
37031,579.3376482758614,550.7632133333325,-28.57443494252891,615.7896948275853,805.4917616666692,189.70206683908384,1.0629403980736714,1.4627686056261233,0.39982820755245196,145.50943448275882,107.09076333333329,-38.418671149425535,286.46368275862073,387.46559833333356,101.00191557471283,1.9881401665519955,3.591744988597319,1.6036048220453234,0.009423324349331111,0.464292768909656,0.45486944456032485,10.415226455938738,13.850650032407444,3.4354235764687058
37033,563.2554499999981,537.0475233333323,-26.2079266666658,620.4908637931021,811.1641900000016,190.67332620689945,1.1016409678883043,1.5105703114682676,0.40892934357996324,141.23920344827582,105.06754666666654,-36.17165678160927,287.87957586206926,386.2917699999998,98.41219413793056,2.0589363878839624,3.656955356320764,1.5980189684368016,0.00815994992400488,0.447225987157382,0.4390660372333771,10.401678496168586,13.798513319444442,3.3968348232758565
38001,640.3091310344827,600.5035749999995,-39.805556034483175,609.3444551724144,802.8428616666662,193.49840649425175,0.9516489787392832,1.3424369655206558,0.3907879867813726,157.69868448275872,122.8105033333336,-34.88818114942512,283.7653810344824,391.28978666666643,107.52440563218403,1.8212312761325884,3.176991930901181,1.3557606547685928,0.03521598527827667,0.4446258374521116,0.4094098521738349,9.95544072796935,13.4285650277778,3.4731242998084504
38003,658.004949999997,614.9594499999971,-43.04549999999995,606.1246517241375,799.9093616666669,193.7847099425294,0.921154817349765,1.305984247557033,0.3848294302072679,156.72959137931036,121.80020666666687,-34.9293847126435,282.34591379310336,391.3900616666665,109.04414787356313,1.8182926846743772,3.2173026218631495,1.3990099371887723,0.07524993554488252,0.47757892783330036,0.40232899228841784,9.811207816091965,13.28702754629631,3.4758197302043445
38004,636.0405603448255,590.2722949999991,-45.76826534482643,610.222768965518,804.8744499999998,194.65168103448184,0.9594222151439351,1.369254984743272,0.4098327695993369,161.71052413793126,123.69988000000009,-38.010644137931166,284.53627241379286,392.62044166666675,108.08416925287389,1.7787751521892279,3.1192833865452503,1.3405082343560224,-0.015495555973460608,0.40705117667628343,0.422546732649744,9.852229396551742,13.316449995370359,3.464220598818617
38007,621.9807120689659,595.1794349999973,-26.801277068968602,612.1732810344802,807.8355166666697,195.66223563218955,0.9842394841567175,1.3609863908981783,0.37674690674146083,150.98522241379322,117.28079833333355,-33.704424080459674,284.4408931034482,391.4114266666665,106.97053356321828,1.9060706586761005,3.3503182104110545,1.444247551734954,0.0812567067039272,0.4901158343804559,0.4088591276765287,10.135131882183918,13.620354291666676,3.4852224094827573
38012,638.4102206896503,595.173406666665,-43.2368140229853,602.6562310344837,791.3517833333322,188.6955522988485,0.9439984059534849,1.3357167704311745,0.3917183644776896,156.11308103448295,121.2738800000002,-34.83920103448274,281.15615000000014,386.876363333333,105.72021333333288,1.8169560486990597,3.194440726523387,1.3774846778243273,0.03395368433118165,0.43739181671778893,0.4034381323866073,9.913831005747117,13.37862736111115,3.464796355364033
38014,669.0253603448251,639.3767933333328,-29.648567011492332,607.4811310344826,805.2238266666685,197.74269563218593,0.9080212071961524,1.2445129377792994,0.33649173058314696,162.26577931034504,125.59044166666695,-36.67533764367809,282.25347758620717,387.96869833333335,105.71522074712618,1.746548304495001,3.1198661295299743,1.3733178250349733,0.07135237578377199,0.4978009665597781,0.42644859077600616,10.229765287356349,13.746614652777774,3.5168493654214252
38017,663.4898586206866,617.3315599999983,-46.158298620688356,607.0269620689655,803.6377700000019,196.61080793103633,0.9148998297768187,1.304569618150781,0.3896697883739624,158.76833965517238,123.73257999999996,-35.03575965517243,282.8139724137932,393.88401666666607,111.07004425287289,1.7974792883540625,3.1862680062543465,1.388788717900284,0.061486920221336484,0.46102901245805455,0.39954209223671805,9.687629324712614,13.162558333333346,3.474929008620732
38018,667.0317224137934,627.1795533333321,-39.852169080461294,603.0118051724145,793.9674616666634,190.95565649424896,0.9040221065371788,1.2709675175546593,0.36694541101748046,157.92051724137954,122.15098000000003,-35.76953724137951,280.69564482758676,387.72489166666685,107.02924683908009,1.7937241205201264,3.179582683030037,1.3858585625099105,0.08662961036386851,0.4962525056575818,0.40962289529371326,9.878145023946367,13.36779560185187,3.489650577905504
38021,670.4667724137907,641.3449299999984,-29.121842413792365,612.084989655172,812.2344583333315,200.14946867815956,0.9129349727246414,1.2579450045146343,0.3450100317899929,162.27736551724132,125.47217000000015,-36.805195517241174,284.39308448275835,392.921531666667,108.52844718390867,1.7642092045801125,3.1565812976366763,1.3923720930565637,0.07908073991653086,0.5024145480960357,0.42333380817950483,10.120100660919542,13.625932564814836,3.5058319038952934
38026,610.6263344827591,577.7428433333334,-32.88349114942571,616.4310206896532,813.4783733333326,197.04735264367935,1.0095212792467154,1.4117710145627576,0.40224973531604213,152.10217068965534,118.83567166666674,-33.2664990229886,287.07262758620715,395.5099349999999,108.43730741379278,1.910330568286121,3.3205051732013304,1.4101746049152095,0.012025923371508387,0.426560203624765,0.4145342802532566,10.076403122605353,13.54131030092594,3.464907178320587
38029,634.7824637931022,587.9476949999973,-46.8347687931049,611.0220844827595,806.8865083333374,195.86442385057785,0.9625817671604184,1.3780677420760015,0.41548597491558303,161.9242017241379,123.22835000000029,-38.69585172413761,284.91672068965494,393.62532999999996,108.70860931034503,1.7790256789628658,3.1309354704566634,1.3519097914937976,-0.019049361533247995,0.4051748193344996,0.4242241808677476,9.806046139846737,13.268207949074085,3.4621618092273483
38030,635.1603293103427,592.7843866666652,-42.37594264367749,607.4776931034476,799.9021650000025,192.4244718965549,0.9564278854740207,1.3559588436660168,0.39953095819199613,157.0336655172415,122.212641666667,-34.821023850574505,283.13255517241373,390.4709683333332,107.33841316091946,1.819986659003194,3.1792709853160828,1.3592843263128889,0.017793602059653205,0.4268113841549295,0.4090177820952763,9.912715431034483,13.379429268518555,3.466713837484072
39001,725.2808896551726,686.5404816666639,-38.74040798850865,597.1784517241375,784.5772016666688,187.39874994253125,0.8233744566895553,1.150471499117709,0.32709704242815363,161.02303793103454,116.26476166666673,-44.75827626436781,275.90193448275875,383.7650666666661,107.86313218390734,1.7177214931216147,3.307752309806431,1.5900308166848163,0.20721211453148658,0.677970447376842,0.4707583328453554,9.967887351532552,13.42345294444444,3.4555655929118885
39002,713.4907241379306,671.4337066666674,-42.05701747126318,593.7710224137944,779.1446999999973,185.37367758620292,0.8322063919936982,1.1598622012140132,0.327655809220315,164.08910000000003,117.76643833333347,-46.32266166666656,273.34116896551694,380.42511500000046,107.08394603448352,1.6661381170405338,3.234619606483662,1.568481489443128,0.13853995910194972,0.6235202392859405,0.48498028018399075,9.826981685823748,13.241405375000056,3.4144236891763082
39004,790.1765982758634,753.9990933333298,-36.177504942533574,596.6302913793113,790.623998333339,193.99370695402774,0.7550611840607155,1.0577212343185458,0.30266005025783027,161.96782931034514,112.82424333333331,-49.143585977011824,276.58359137931063,384.45054499999924,107.8669536206886,1.718155066601693,3.387223296439455,1.669068229837762,0.3354335967327824,0.8080194404780532,0.4725858437452708,9.814196585249048,13.309124537036999,3.4949279517879503
39005,633.7708448275837,604.6890699999979,-29.081774827585832,600.036689655172,790.7860833333332,190.74939367816114,0.9467722129182012,1.301088568860613,0.35431635594241184,142.9122603448278,106.3420566666668,-36.57020367816101,278.2244689655173,382.86104333333316,104.63657436781585,1.9527119477591286,3.609582976927392,1.6568710291682633,0.1710448015791206,0.6171795972717663,0.4461347956926457,10.446867921455969,13.973336592592595,3.5264686711366267
39006,779.4848810344831,732.9049033333333,-46.5799777011498,588.6424551724144,776.0069816666651,187.36452649425064,0.7551714178758157,1.0577595345378716,0.302588116662056,174.49943275862103,125.66609333333349,-48.833339425287534,270.65654827586235,379.1051699999992,108.44862172413684,1.553048830998188,3.0207871952434373,1.4677383642452493,0.1826904736452477,0.6532387049227475,0.4705482312774998,9.482872897509573,12.8793055509259,3.3964326534163263
39007,726.4931413793096,676.8623799999967,-49.630761379312844,597.2111189655175,784.1061566666659,186.89503770114845,0.8220476388164757,1.1712833732100094,0.3492357343935337,154.83033448275853,110.04287333333332,-44.78746114942521,276.7701982758621,384.8061983333333,108.0360000574712,1.7946080402532316,3.4407047511980373,1.6460967109448057,0.2825619665619482,0.7281109243153654,0.4455489577534172,10.168413093869729,13.64617592592592,3.4777628320561913
39008,757.4111620689664,714.8782316666625,-42.53293040230392,590.4755551724134,774.8666383333361,184.3910831609228,0.7795973871309043,1.0828491074588902,0.30325172032798586,170.967632758621,121.5917050000002,-49.37592775862079,271.51991206896525,378.3771966666666,106.85728459770132,1.588462169854432,3.117176390125309,1.5287142202708772,0.1834694066242765,0.678586104822492,0.4951166981982156,9.778445320881218,13.182628245370331,3.4041829244891133
39010,711.0518534482746,676.0798849999982,-34.97196844827647,602.2653379310357,796.0956316666659,193.83029373563022,0.8470055895120362,1.1811360103868385,0.33413042087480227,161.94248965517244,123.58592833333361,-38.356561321838825,279.9466965517237,388.72777666666684,108.78108011494317,1.7433002286489443,3.150903223534983,1.4076029948860387,0.15971962217606578,0.5846260721405288,0.424906449964463,9.858889406130261,13.371966921296288,3.5130775151660263
39011,892.1161758620653,854.3326799999998,-37.78349586206559,595.9718586206918,782.4054733333319,186.43361471264006,0.6680590095831977,0.9271560031224876,0.25909699353928983,174.55712241379342,120.61369833333345,-53.94342408045998,276.22077413793113,385.5414399999998,109.32066586206867,1.5873055023775868,3.134368212428333,1.5470627100507461,0.4165871927295797,0.9005758079400709,0.48398861521049114,9.950692140804623,13.405829874999998,3.4551377341953753
39012,678.761703448276,646.5403100000002,-32.22139344827576,600.307741379308,792.7129433333307,192.4052019540227,0.8844168783685928,1.2253614394143006,0.3409445610457078,146.8264086206899,106.84075166666665,-39.985656954023256,278.3438051724138,385.1261766666673,106.78237149425348,1.9012886922780587,3.622980520330996,1.7216918280529374,0.24018280460469493,0.6940489773426303,0.45386617273793534,10.27489490900387,13.79292394907407,3.5180290400702
39014,712.468049999998,670.3314999999974,-42.136550000000625,602.0143672413801,795.3670983333345,193.3527310919544,0.8449693716577562,1.1898089711891033,0.34483959953134713,164.297377586207,126.69948000000032,-37.597897586206685,280.4604586206895,389.73045000000013,109.26999137931062,1.721423502038502,3.080011958850137,1.3585884568116349,0.136367058404583,0.5517555365312554,0.41538847812667246,9.743700191570857,13.24774075925926,3.5040405676884028
39015,816.1487586206865,762.9710433333299,-53.17771528735659,598.2351689655143,786.9053350000019,188.67016603448758,0.7330008438424536,1.0438964610448673,0.31089561720241377,166.16351896551743,116.68058333333344,-49.48293563218398,277.092872413793,387.2304250000004,110.13755258620745,1.6721766501755038,3.2697971172385287,1.597620467063025,0.36431364900706303,0.8206995278798319,0.4563858788727689,9.92633844827585,13.395619782407405,3.469281334131555
39016,792.5195655172424,742.1159999999991,-50.40356551724335,592.4086172413786,778.0480500000034,185.63943275862482,0.7474996366953165,1.0596442190622868,0.3121445823669703,170.7714896551726,120.12237166666657,-50.64911798850602,273.40406379310366,381.66036166666714,108.25629787356348,1.611576803224993,3.179216702825901,1.5676398996009078,0.27889986763927876,0.763267738854467,0.4843678712151882,9.76932967432952,13.209206537037032,3.4398768627075125
39017,632.4468275862043,597.408474999999,-35.03835258620529,599.4092189655173,785.3377633333357,185.9285443678184,0.9477628018390435,1.3150461996549956,0.3672833978159521,150.61622413793117,109.26738833333346,-41.34883580459771,277.9240551724138,385.2199333333333,107.29587816091953,1.8455672200570326,3.5291953403161775,1.683628120259145,0.063648807663193,0.5421879623186578,0.4785391546554648,9.991991235632199,13.44443228703705,3.4524410514048505
39019,753.1017999999985,705.0344866666633,-48.06731333333528,594.8783534482749,783.6192083333347,188.74085488505978,0.7899047600696404,1.1212731640114315,0.3313684039417911,163.7790017241378,115.8317933333332,-47.947208390804605,274.57143620689686,384.4000866666664,109.82865045976956,1.6820964559853206,3.3110978238507505,1.6290013678654298,0.2446872453258673,0.7261509531164663,0.481463707790599,9.670571738505757,13.111966527777803,3.441394789272046
39020,855.4653706896534,807.1559233333319,-48.30944735632147,583.9561741379305,769.2909283333323,185.33475419540184,0.6826211971178678,0.9503481900969037,0.2677269929790359,190.76848448275885,136.15607833333348,-54.61240614942537,267.9492413793106,375.28764333333305,107.33840195402246,1.408503706142843,2.764813721997302,1.3563100158544592,0.20138968758725684,0.6819525951069315,0.4805629075196747,9.360767356321851,12.743963462962974,3.3831961066411225
39021,687.9771448275867,640.3044649999983,-47.672679827588354,593.6465620689652,780.5811366666651,186.9345745976999,0.8628896989711783,1.22039139715104,0.35750169817986177,165.6196534482758,121.09088000000014,-44.52877344827567,274.0065706896551,381.27435666666656,107.26778597701144,1.6542277659113287,3.15012027477761,1.4958925088662811,0.034811841913532524,0.48591026388893377,0.45109842197540123,9.678007744252866,13.082770777777768,3.404763033524901
39022,759.7239482758605,707.6628866666667,-52.06106160919376,597.1664706896554,781.1211333333372,183.9546626436818,0.7860317888045079,1.116279320738768,0.33024753193426015,158.14860517241397,110.31232666666688,-47.83627850574709,276.8916913793106,384.1151999999997,107.22350862068907,1.7603993688501964,3.395677197149111,1.6352778282989144,0.32670594550732385,0.7913220283673081,0.4646160828599843,10.133156786398434,13.607133305555559,3.473976519157125
39023,771.919258620691,733.2591599999976,-38.660098620693475,597.6010793103455,788.5705750000016,190.96949568965601,0.7741759864030378,1.077459666538111,0.30328368013507334,170.62431206896574,124.47050166666682,-46.153810402298916,277.81800172413796,388.3344833333334,110.51648160919547,1.6413347782656336,3.120774963027064,1.4794401847614302,0.21082320585624692,0.6775604632038636,0.46673725734761673,9.706642514367807,13.208947050925964,3.5023045365581567
39025,824.2719965517246,767.4847433333316,-56.78725321839295,593.4017672413793,776.3977333333348,182.99596609195555,0.7199098006315119,1.0237274163495693,0.30381761571805743,170.10375689655226,117.74428833333337,-52.35946856321888,274.7441706896556,381.8231616666667,107.07899097701107,1.6289316155362346,3.1557411828642157,1.5268095673279811,0.3466910689614996,0.8173407893879536,0.47064972042645403,9.973219315134099,13.433309791666648,3.4600904765325495
39027,715.776044827584,671.1920716666632,-44.58397316092078,601.4848189655156,792.4314633333342,190.94664436781864,0.8403270984118721,1.1886323925665914,0.3483052941547192,157.13011896551737,110.95799000000036,-46.172128965517004,278.0532586206897,389.11559833333354,111.06233971264385,1.7812127694572455,3.4631035462720696,1.6818907768148241,0.22450152265877113,0.6908636305035453,0.46636210784477417,9.928002025862074,13.395914888888916,3.467912863026841
39028,827.266760344826,772.1074999999979,-55.15926034482811,588.2636913793092,770.4293100000002,182.16561862069102,0.7110927180366224,1.0098163731444931,0.2987236551078707,176.78653793103462,120.71539666666672,-56.071141264367895,271.44200344827607,378.05131500000016,106.60931155172409,1.5451831521193458,3.1315861749356477,1.586403022816302,0.3074667455632149,0.8129349253891276,0.5054681798259126,9.745853036398476,13.177342453703709,3.431489417305233
39029,818.7084137931059,781.1278449999995,-37.58056879310641,596.6136396551725,786.5069300000002,189.89329034482773,0.7287332750318147,1.0169998145180876,0.2882665394862729,167.83293965517234,119.58690166666679,-48.24603798850555,276.1983241379312,385.7741483333332,109.57582419540199,1.6457727422062924,3.2509485289526507,1.6051757867463583,0.3475839407978336,0.8173303589881911,0.46974641819035745,9.916444731800759,13.376370138888873,3.4599254070881145
39034,718.8001241379295,676.7733999999994,-42.02672413793016,590.8972431034483,777.1350133333349,186.23777022988656,0.822067808877653,1.1535797549382838,0.33151194606063084,163.35778275862094,117.0806500000001,-46.27713275862084,272.62353275862074,380.43195500000024,107.8084222413795,1.6777009064862218,3.251321524774044,1.5736206182878223,0.15743497692581554,0.6352216669610868,0.4777866900352713,9.6792341762452,13.089551018518513,3.4103168422733123
39035,857.0682224137921,811.6069950000003,-45.46122741379179,584.9622103448278,769.7251233333357,184.76291298850788,0.6825159669261234,0.9493439347666996,0.2668279678405763,192.6121775862074,135.77437000000015,-56.83780758620725,268.14001206896535,375.2422666666671,107.10225459770174,1.3953077695116338,2.770968844278146,1.3756610747665121,0.18811755894362026,0.6874900660448044,0.4993725071011842,9.465178136973167,12.851653481481488,3.3864753445083213
39036,831.2652017241351,795.536266666667,-35.72893505746811,594.8690551724153,783.148939999996,188.27988482758064,0.7156268797712138,0.9943148161155717,0.27868793634435796,170.29672241379336,120.41980333333373,-49.87691908045963,275.39327413793103,384.0287733333337,108.63549919540264,1.6163063646578735,3.2164167150957312,1.6001103504378578,0.3473165292885483,0.8262205141042118,0.47890398481566354,9.904636331417606,13.36252914351849,3.4578928121008836
39037,833.3057155172421,789.4551683333331,-43.85054718390904,589.3907448275845,776.5960466666636,187.20530183907908,0.7072917792350731,0.9920664663123893,0.2847746870773161,187.8853568965518,130.61126666666695,-57.27409022988485,270.4022137931032,379.1507699999998,108.74855620689658,1.4487243587185712,2.903133322618379,1.454408963899808,0.21523190285141092,0.7180150653917791,0.5027831625403681,9.560063845785436,12.970832856481476,3.4107690106960398
39042,760.5037051724133,720.6139449999989,-39.88976017241441,590.8299362068971,776.3766683333316,185.54673212643456,0.7768930492344597,1.0777276938974065,0.30083464466294685,170.35494137931056,121.38233166666677,-48.97260971264379,271.64827758620675,379.4227483333337,107.77447074712694,1.6017395498164007,3.1327451355371103,1.5310055857207097,0.20808917770654584,0.7023141462207171,0.49422496851417125,9.710580517241375,13.113748981481475,3.4031684642400997
39049,683.1904327586205,656.1447583333343,-27.04567442528628,604.3962344827595,805.8553200000015,201.459085517242,0.884670145674279,1.2120208693110406,0.32735072363676154,161.33598965517245,126.38824166666676,-34.9477479885057,280.0779275862068,387.82055833333266,107.74263074712587,1.7465261973827793,3.0870138526085116,1.3404876552257323,0.12125555263806714,0.535000714339531,0.41374516170146386,10.152366757662834,13.706241407407385,3.55387464974455
39052,671.3290068965514,631.367175,-39.961831896551416,607.0418172413786,802.9257149999977,195.88389775861913,0.9042371774933537,1.2805101995586505,0.3762730220652968,152.43995862068985,110.02157166666686,-42.41838695402299,280.2854379310345,392.25967000000026,111.97423206896576,1.8583439830055068,3.5559718850915223,1.6976279020860154,0.1615277127006961,0.6106988589285272,0.44917114622783105,10.216241963601517,13.703634999999984,3.4873930363984673
39054,820.1156413793099,795.1245516666652,-24.99108971264468,597.5564810344813,782.5661749999996,185.0096939655183,0.7286289974420365,0.993347693657668,0.2647186962156315,163.7547224137932,111.27839999999999,-52.4763224137932,277.18234482758663,381.8982183333334,104.71587350574674,1.6953312784736352,3.449481314720574,1.7541500362469389,0.3801681280761482,0.9112702669867201,0.5311021389105719,10.208008563218424,13.670662259259332,3.462653696040908
39056,713.3155689655158,676.4057599999988,-36.90980896551696,598.5982258620697,789.6410566666653,191.0428308045956,0.8391777479327897,1.1681543236536354,0.3289765757208457,153.19480862068968,109.18503500000013,-44.00977362068956,277.838006896552,383.1692733333336,105.33126643678162,1.8299630461127478,3.461783334386393,1.631820288273645,0.2557519136519247,0.7204150327745178,0.4646631191225931,10.056550517241407,13.542587388888904,3.4860368716474976
39061,756.7906448275871,710.5218649999977,-46.26877982758947,595.0446189655163,786.6986083333335,191.6539893678172,0.78627421144731,1.1105130883704164,0.3242388769231064,168.01604310344817,120.78454666666681,-47.231496436781356,273.9403137931033,384.83689833333324,110.89658454022992,1.6350851990838604,3.1963517706178206,1.5612665715339602,0.18731853245522867,0.6686262929755767,0.48130776052034807,9.541933170498083,12.977906046296255,3.4359728757981713
39065,693.6560362068942,654.0514833333307,-39.604552873563534,597.427674137931,788.7555183333333,191.32784419540224,0.8612787912254738,1.2080291721326937,0.3467503809072199,156.02606724137974,112.34700666666693,-43.67906057471281,275.8308517241376,386.3491833333328,110.51833160919523,1.7832158580675037,3.3739669371743446,1.5907510791068409,0.14780020389315723,0.6031839163026246,0.45538371240946734,9.754735311302696,13.223959865740728,3.469224554438032
39069,805.4894931034469,781.3438016666644,-24.1456914367825,595.9139120689665,779.272308333334,183.35839626436746,0.7398189626584506,1.0063513029930102,0.26653234033455964,160.33977758620696,108.01120166666657,-52.3285759195404,276.642646551724,380.5132549999997,103.87060844827568,1.7296938427410864,3.488097783997186,1.7584039412560997,0.3891017576646827,0.9159553679333381,0.5268536102686554,10.241066034482747,13.705640416666652,3.464574382183905
39072,715.9725517241366,674.8516099999996,-41.12094172413697,596.0598862068978,782.4275499999999,186.3676637931021,0.8325174995656832,1.1642024318724613,0.3316849323067781,161.2662275862072,115.96076000000008,-45.30546758620713,275.01046724137916,382.80742166666647,107.79695442528731,1.7101106167097226,3.306173257188159,1.5960626404784364,0.1807437237358214,0.656498181484841,0.4757544577490196,9.911757720306499,13.353320837962938,3.4415631176564396
39078,904.6818224137937,868.6795900000009,-36.00223241379285,597.5553603448263,787.1602516666663,189.60489132184,0.6605307764943079,0.917776332268529,0.25724555577422104,178.71038448275897,122.79409833333355,-55.91628614942542,277.0780241379308,388.5368683333334,111.4588441954026,1.5522611126686519,3.125516141379742,1.57325502871109,0.4077620877624547,0.9064950324144087,0.49873294465195395,9.816890292145619,13.274729504629626,3.457839212484007
39081,647.2792586206891,606.399018333334,-40.88024028735515,595.8718396551715,778.4216949999995,182.54985534482807,0.9205792627126546,1.278487632610524,0.35790836989786934,150.1179413793107,107.89383000000007,-42.22411137931064,275.211248275862,381.0054249999995,105.79417672413751,1.8359229847562557,3.540171965627726,1.7042489808714705,0.11280587616043664,0.6043629731382606,0.49155709697782396,10.080622284482772,13.519197240740748,3.438574956257977
39087,739.3379310344802,698.185844999999,-41.15208603448127,590.8687120689651,771.7972516666666,180.9285395977015,0.7991858111811938,1.107448239947265,0.30826242876607113,164.23209137931062,114.73790000000037,-49.49419137931025,271.4236396551725,375.9759883333332,104.55234867816068,1.6462959366260996,3.279369107735141,1.6330731711090412,0.21701404969071963,0.7260265391111903,0.5090124894204706,9.981226249999992,13.392010402777737,3.4107841527777456
39088,766.0712517241354,727.8426166666682,-38.22863505746727,598.7222465517252,790.0438483333347,191.3216017816095,0.7815478635915463,1.088975104513259,0.3074272409217127,167.01706724137958,124.48203000000015,-42.53503724137943,278.89491379310346,388.9187983333329,110.02388454022946,1.683543569420297,3.126436787134625,1.442893217714328,0.222559513920651,0.6679965265717389,0.4454370126510879,9.66764469348659,13.171338328703772,3.503693635217182
39095,639.4727793103439,605.3200633333297,-34.15271597701417,600.8342155172413,790.227243333336,189.39302781609467,0.9395750958601021,1.3060399109451035,0.3664648150850014,146.0944741379314,106.00610000000006,-40.08837413793134,278.4858327586208,381.6631033333333,103.17727057471251,1.9256305908796796,3.5538732157279997,1.6282426248483202,0.15393456082545592,0.6085457888724611,0.4546112280470052,10.303115124521076,13.787123449074135,3.4840083245530593
39099,817.1122896551716,775.9749916666638,-41.13729798850784,592.3585137931041,780.4802183333327,188.12170454022862,0.7249416483008174,1.0091365801147467,0.2841949318139293,182.7348086206898,128.6485066666668,-54.086301954022986,271.41086724137926,380.8605500000001,109.44968275862084,1.4897386099024015,2.967908307909018,1.4781696980066164,0.21046061225087515,0.7159859540514361,0.505525341800561,9.638419272030639,13.031868462963,3.393449190932362
39101,821.0016000000019,768.3254266666656,-52.67617333333624,591.2325775862074,779.0714633333336,187.83888574712614,0.7201352419072444,1.0242084496881692,0.3040732077809247,177.98618793103458,124.29566666666713,-53.69052126436745,272.7858293103454,382.16558666666674,109.37975735632136,1.5390848929771441,3.074607145617329,1.535522252640185,0.2746857077014391,0.7704211323478221,0.495735424646383,9.51633949712641,12.94321068055558,3.4268711834291707
39105,646.1494293103434,612.1998749999996,-33.94955431034384,598.0786275862084,782.0673733333332,183.98874574712477,0.9256034796633094,1.2787476384382321,0.3531441587749228,150.0422810344828,110.12918666666685,-39.91309436781596,277.6782241379309,384.1811183333332,106.50289419540229,1.8549901802367075,3.4939211752739503,1.6389309950372428,0.10477956367268446,0.5725914982905997,0.46781193461791526,9.97480261973182,13.440749537037027,3.4659469173052067
39108,893.9347706896551,844.0052666666663,-49.929504022988795,580.5677344827607,765.5763816666645,185.0086471839038,0.6494538145789992,0.9058615148014407,0.2564077002224415,201.51399482758637,142.21704166666672,-59.29695316091966,266.22083448275873,373.216725000001,106.99589051724229,1.324166431587925,2.6324973954525,1.308330963864575,0.17633161821934923,0.6692764396369357,0.4929448214175865,9.26341347222223,12.645784472222234,3.3823710000000045
39114,730.0215741379302,686.8645433333338,-43.15703080459639,601.1552551724131,793.318549999999,192.1632948275859,0.8234773032181315,1.1626127351740623,0.33913543195593077,159.19298103448278,113.86254833333345,-45.330432701149334,277.5040465517243,389.1700933333331,111.66604678160883,1.7508952919298553,3.4252356878819077,1.6743403959520524,0.22791942651381464,0.6978730160406116,0.46995358952679694,9.782628180076616,13.239520462962911,3.4568922828862956
39120,958.4700620689667,929.7332666666665,-28.73679540230023,598.1569568965504,789.1496916666667,190.99273477011639,0.6240951788043031,0.8600390062288925,0.23594382742458941,188.48412758620708,128.40339166666695,-60.08073591954013,276.89206896551696,389.31302833333336,112.42095936781641,1.4674464039809407,2.9933003193081085,1.5258539153271677,0.41728248750894786,0.9317904051658947,0.5145079176569469,9.729949612068989,13.179946222222231,3.449996610153242
39125,726.0068310344828,680.5734549999991,-45.433376034483786,602.041941379309,796.1699399999997,194.12799862069062,0.829251312750019,1.1716231416496083,0.3423718288995894,166.2881189655174,127.76291666666692,-38.52520229885049,280.77347758620675,391.39646499999947,110.62298741379271,1.7018809428576576,3.055094631518106,1.3532136886604482,0.13975689637804267,0.5563097787205804,0.41655288234253773,9.594851379310356,13.091284824074073,3.496433444763717
39127,785.0884155172389,744.7434000000004,-40.345015517238494,594.3545120689669,783.3853899999979,189.030877931031,0.7570533748245741,1.0534162357285672,0.2963628609039931,172.12440000000004,126.10850666666683,-46.01589333333321,276.8080551724139,386.239916666667,109.4318614942531,1.6193385198289332,3.0636984654839496,1.4443599456550165,0.2124332370781041,0.6742788638881567,0.4618456268100526,9.546307452107273,13.043805902777763,3.4974984506704896
39141,855.4368327586213,817.0220183333329,-38.414814425288455,596.577913793104,782.7541799999983,186.1762662068943,0.6974096551103841,0.9690374582133593,0.2716278031029752,169.62428620689678,118.05842833333347,-51.56585787356332,276.6004758620691,385.1016566666659,108.5011808045968,1.6347603148196428,3.2192183055795875,1.5844579907599448,0.3932282800387459,0.8733398178703424,0.48011153783159655,10.047907681992344,13.50418588425927,3.456278202266926
39142,840.8709948275815,786.6971316666679,-54.173863160913584,582.3047948275868,769.1784516666671,186.87365683908035,0.6925079180435352,0.9753237430531678,0.28281582500963265,189.74241206896542,137.0328583333337,-52.709553735631715,267.6179913793105,375.59879500000034,107.98080362068981,1.4134886344576167,2.7449201278328914,1.3314314933752747,0.16010450311555402,0.6168323653031947,0.4567278621876407,9.173394329501923,12.55151546759261,3.3781211380906875
39143,797.942163793104,744.9660433333336,-52.976120459770414,584.9091586206905,772.4083599999997,187.49920137930917,0.7330286750481168,1.0350685410002127,0.302039865952096,181.1595655172419,131.27597000000014,-49.88359551724176,269.05045000000024,377.3257333333336,108.27528333333333,1.48854372051948,2.876997924230667,1.3884542037111869,0.1520238038655639,0.6039035101737223,0.45187970630815844,9.269623338122631,12.654026555555525,3.3844032174328937
39144,672.5975948275836,623.7760033333336,-48.821591494250015,591.9930482758621,780.6625133333318,188.66946505746978,0.880164165268035,1.252009261607828,0.371845096339793,161.7646431034487,118.5822000000001,-43.18244310344859,273.34406896551724,381.77306666666703,108.4289977011498,1.687981394361749,3.2208263099065344,1.5328449155447854,0.021834840105757827,0.46233010679380354,0.44049526668804573,9.558823194444457,12.957372074074064,3.3985488796296064
40003,763.9203189655157,730.053204999999,-33.86711396551664,596.7809379310354,780.0878683333318,183.30693040229642,0.7812092144762575,1.0770559021900552,0.29584668771379774,155.05571206896582,103.21696500000013,-51.83874706896569,276.53140689655186,377.7602233333338,101.22881643678193,1.8024228770305024,3.598131948679683,1.7957090716491804,0.37925384300124126,0.9056401716530471,0.5263863286518058,10.27845995210734,13.714055689814838,3.435595737707498
40004,889.7575603448254,867.517669999997,-22.239890344828382,591.7349344827599,775.7428549999998,184.00792051724,0.6650547514378503,0.9025930908315578,0.2375383393937075,172.6970931034481,117.03135166666672,-55.66574143678139,273.15516379310316,373.62581999999975,100.47065620689659,1.5958828133802299,3.1272149843651307,1.5313321709849008,0.45077132643522955,0.9717501699667114,0.5209788435314818,10.24556120689656,13.67218498611113,3.4266237792145695
40005,706.2846603448236,674.4222800000025,-31.862380344821077,597.5926482758614,779.3709566666671,181.7783083908057,0.8461066972574018,1.165319847475471,0.31921315021806906,145.0044758620692,100.12009000000003,-44.884385862069166,276.15388793103455,373.89422666666593,97.74033873563138,1.925148206699574,3.6921877292180927,1.7670395225185187,0.34916340202672225,0.8581419432944238,0.5089785412677016,10.455170704022983,13.86450125000006,3.4093305459770775
40006,715.7357017241357,671.0472116666638,-44.68849005747188,599.0674965517231,783.5004649999998,184.4329684482767,0.8369974168104352,1.1696560228071404,0.33265860599670527,147.56640344827605,97.21637833333344,-50.35002511494261,278.2174155172419,380.3030600000001,102.0856444827582,1.9049463435798373,3.846950267141864,1.9420039235620266,0.3536988191412535,0.8667325717771793,0.5130337526359259,10.113187547892723,13.549943300925873,3.4367557530331503
40007,859.9714327586205,834.2041016666665,-25.76733109195402,594.4961775862072,779.7102049999985,185.2140274137913,0.6912994810114548,0.9431241994475443,0.25182471843608956,172.59598793103473,114.04313500000036,-58.552852931034366,275.1724258620691,378.7948300000003,103.6224041379312,1.6075742732861278,3.252266021935162,1.644691748649034,0.407218911466635,0.9512855193528789,0.5440666078862438,10.075904022988503,13.520562888888911,3.444658865900408
40009,846.1495172413767,812.8517466666651,-33.297770574711535,594.6621482758621,779.1794733333311,184.51732505746895,0.7027876492016814,0.9643848143230853,0.26159716512140396,166.84333275862076,111.6649483333336,-55.17838442528716,274.9092913793104,375.7819433333331,100.87265195402273,1.666533398577942,3.305303670589649,1.638770272011707,0.4340866500210755,0.9594247917965817,0.5253381417755062,10.162161781609207,13.588348638888878,3.4261868572796708
40010,762.9808155172423,725.5275066666647,-37.453308850577514,597.66076551724,781.2523699999996,183.59160448275964,0.7833236872401349,1.0865628991689307,0.30323921192879577,154.76547931034509,100.61590833333351,-54.14957097701158,277.6308896551723,381.3514483333334,103.72055867816107,1.8076596108546514,3.7191309714522838,1.9114713605976323,0.3653351391478552,0.8964619072669708,0.5311267681191156,10.220326120689652,13.68015886574074,3.459832745051088
40011,758.4963810344814,716.8189183333336,-41.67746270114776,592.5825931034483,775.4437899999996,182.8611968965513,0.7812593846221313,1.0898885202875268,0.3086291356653955,162.74965862068967,113.53253500000015,-49.21712362068952,273.32406206896576,369.3844583333335,96.06039626436774,1.694670243153297,3.2172380590249836,1.5225678158716867,0.2872969263968818,0.8024880647534687,0.5151911383565868,10.207424588122603,13.588381527777802,3.3809569396551993
40012,732.5853793103414,687.4131866666671,-45.17219264367429,598.5325241379301,784.5424016666655,186.0098775287354,0.8170137661947153,1.1415202103240334,0.32450644412931806,152.3909258620691,102.1525450000001,-50.23838086206901,278.0124534482759,381.3489266666669,103.336473218391,1.8424880910963157,3.674499258381592,1.8320111672852764,0.3313788575580357,0.8301822317122398,0.4988033741542041,10.000530177203055,13.437506166666637,3.4369759894635816
40013,775.3762396551707,727.3752166666652,-48.0010229885055,596.3897948275865,782.4354683333353,186.04567350574882,0.7691622307076167,1.0769939009812557,0.307831670273639,158.85747413793132,103.94906166666684,-54.908412471264484,277.1033862068962,380.86135333333345,103.75796712643728,1.761960421343379,3.598718621253574,1.8367581999101947,0.353824593880442,0.870712499077894,0.516887905197452,9.890744976053682,13.335143263888895,3.444398287835213
40016,700.8471758620676,660.9261999999981,-39.920975862069554,601.1746896551729,790.6577633333316,189.4830736781587,0.8577823692350176,1.1967413622138834,0.3389589929788658,150.18569827586202,105.36993000000015,-44.81576827586187,278.93906206896554,383.4534066666665,104.51434459770098,1.879523306441119,3.5868367948173763,1.7073134883762573,0.26867588189329367,0.7389421077180103,0.4702662258247166,10.091302643678176,13.54690418981483,3.455601546136654
40017,921.9636586206882,900.5200116666632,-21.443646954024985,591.7527413793111,781.0250383333337,189.27229695402252,0.6418424840526957,0.8757240706807394,0.2338815866280437,180.213756896552,122.69367833333345,-57.52007856321856,272.2765534482759,374.9431000000001,102.6665465517242,1.5253271814386657,2.9901355331466997,1.464808351708034,0.44026705611837835,0.9605598568354448,0.5202928007170664,10.078762758620663,13.507917481481432,3.429154722860769
40018,766.4222724137925,718.7093999999972,-47.71287241379525,596.7316086206888,782.3759116666681,185.6443030459793,0.7785942119552698,1.089318778152708,0.31072456619743827,157.3687637931036,103.66869833333345,-53.700065459770144,277.4011396551725,380.98020499999916,103.57906534482663,1.7804316547781247,3.611492988529331,1.8310613337512063,0.35141277827533357,0.8627616260457975,0.511348847770464,9.927561863026824,13.369541421296304,3.4419795582694803
40020,890.8867637931021,862.5514666666686,-28.33529712643349,590.0423431034499,773.0548433333361,183.0125002298862,0.6623107259031551,0.9042197373825469,0.2419090114793918,178.896277586207,118.6077700000001,-60.28850758620689,272.8874655172416,374.1816650000001,101.29419948275853,1.540289732408056,3.0882033199316776,1.5479135875236216,0.4133085046959464,0.9543195310118089,0.5410110263158625,10.014726173371667,13.449994555555534,3.4352683821838674
40021,803.064270689653,775.7590616666668,-27.30520902298622,596.8437913793105,781.2376683333309,184.39387695402047,0.7432096940877501,1.015856082211454,0.2726463881237039,156.77359827586213,108.18534666666696,-48.58825160919517,275.7608500000001,374.97991333333323,99.21906333333311,1.779766539738725,3.4187717584245156,1.6390052186857906,0.4382533169956012,0.9473362861022352,0.509082969106634,10.326137720306516,13.734803972222227,3.4086662519157116
40022,720.9798224137891,677.5278816666646,-43.45194074712447,595.3528293103432,777.9942516666665,182.64142235632335,0.8257544892226247,1.155630918034816,0.32987642881219137,153.5758482758622,107.00073500000009,-46.57511327586211,275.3314137931037,372.406755,97.07534120689627,1.8109011198451177,3.4513259323289205,1.6404248124838028,0.29037479395932675,0.7906082449486056,0.5002334509892788,10.158993347701156,13.554184162037044,3.395190814335889
40033,879.7264293103426,849.4817649999998,-30.24466431034284,587.7092189655193,764.7655566666691,177.0563377011498,0.6680586283170217,0.9081506714647608,0.24009204314773913,180.67265172413818,122.97909500000006,-57.69355672413812,271.49374310344797,360.95467333333283,89.46093022988487,1.5223496612048515,2.899850058243439,1.3775003970385877,0.3266996583960107,0.8710953921988687,0.544395733802858,9.988713931992343,13.294631083333378,3.305917151341035
41001,831.8349448275844,829.2197916666661,-2.6151531609183394,590.8277034482767,771.9358816666677,181.108178218391,0.7102768875540081,0.9396349834673365,0.22935809591332845,166.55115517241404,115.29305333333343,-51.25810183908061,272.91192586206915,370.1795300000001,97.26760413793096,1.6488698279552285,3.1857843343885333,1.5369145064333047,0.39613325165002283,0.9256536285037146,0.5295203768536918,10.438419391762503,13.859295675925893,3.4208762841633895
41003,847.9833431034485,846.5522349999973,-1.4311081034512654,593.3409827586212,774.0375399999996,180.6965572413784,0.6997192470174157,0.9231424648244622,0.22342321780704644,167.34251206896573,113.71305333333345,-53.629458735632284,273.5405172413797,370.4087566666672,96.86823942528753,1.6404668634863921,3.2032948550974245,1.5628279916110324,0.42286886417103425,0.9673464042503732,0.5444775400793389,10.421047868773949,13.838211481481444,3.417163612707496
41004,852.621882758619,853.0751516666621,0.45326890804312825,595.3294068965538,776.6764050000007,181.34699810344694,0.6982445264966692,0.9198909916106838,0.22164646511401453,168.70349137931083,113.67597666666661,-55.02751471264422,275.15889482758644,376.2553383333334,101.09644350574695,1.6328922453541166,3.2481311546235156,1.615238909269399,0.41224022039504643,0.9524504048191693,0.5402101844241229,10.359417313218412,13.79495926851856,3.435541955300149
41005,851.6287275862053,846.7525733333312,-4.87615425287413,597.611536206894,781.739446666667,184.12791045977303,0.7017366792158223,0.9326882500585221,0.2309515708426998,168.6636155172415,113.56118166666676,-55.102433850574755,276.42035862068957,379.96822000000043,103.54786137931086,1.6423018914668241,3.281642054687246,1.6393401632204219,0.4017410586528567,0.9378932960802862,0.5361522374274295,10.287862054597683,13.731274324074091,3.4434122694764078
41006,837.8551913793096,831.4925299999987,-6.362661379310907,592.2382379310343,772.7572600000003,180.51902206896602,0.7068587109978209,0.938795574799358,0.2319368638015371,167.25927413793158,112.33127166666671,-54.928002471264875,273.4980827586203,373.6682316666662,100.17014890804592,1.6392005347263117,3.256802283327342,1.6176017486010303,0.4101586118553498,0.9523986681718828,0.542240056316533,10.308387801724141,13.7396055092592,3.4312177075350583
41009,952.8232068965491,941.5401183333339,-11.283088563215188,597.2655896551713,777.8842483333342,180.6186586781629,0.6268553022723604,0.832940857480021,0.2060855552076606,182.93010517241387,123.26164500000009,-59.66846017241379,276.67409137931037,381.8574166666664,105.18332528735601,1.5104675495559623,3.062238002937346,1.5517704533813839,0.44901078175788595,0.989152838325102,0.5401420565672161,10.306613946360129,13.745065976851823,3.4384520304916943
41011,968.3900741379282,952.7529300000008,-15.637144137927407,595.8254431034459,777.1862033333316,181.36076022988573,0.615294708967194,0.8226447411046698,0.20735003213747583,186.73300000000023,125.23239833333358,-61.500601666666654,276.2557896551723,382.8394983333327,106.5837086781604,1.4756687432990265,2.989057906597136,1.5133891632981094,0.44024990832577093,0.9706901225119393,0.5304402141861684,10.21295996647509,13.65793492129631,3.4449749548212196
41012,847.5667448275868,855.4259499999981,7.8592051724112935,596.0835224137913,777.3829183333339,181.29939591954258,0.7033008415468662,0.918558018929148,0.21525717738228178,165.78015172413814,112.22256666666674,-53.5575850574714,275.81613793103446,376.41905333333307,100.6029154022986,1.6693689762460682,3.3155396404588915,1.6461706642128233,0.41833230343252714,0.9610736507370647,0.5427413473045376,10.454394645593826,13.896106310185157,3.441711664591331
41013,836.2657189655156,829.1899783333308,-7.075740632184761,592.5106137931026,777.1468033333322,184.63618954022957,0.7085241862691006,0.9462112733840133,0.2376870871149127,166.8127258620689,115.88665500000023,-50.92607086206867,273.37891379310355,373.11501000000044,99.73609620689689,1.6577626539732333,3.1609008231701594,1.503138169196926,0.40913620062868183,0.9328912044495494,0.5237550038208676,10.393796039272036,13.818657069444448,3.424861030172412
41014,830.1662206896547,808.4327749999995,-21.733445689655127,600.924470689653,784.0111866666668,183.0867159770138,0.7238693746297237,0.9800256066295924,0.2561562319998687,163.496224137931,111.80194499999996,-51.694279137931034,278.53905689655204,383.13105166666594,104.5919947701139,1.7072500545108693,3.4289681624033763,1.721718107892507,0.40286495606952566,0.9252588163306064,0.5223938602610807,10.371328170498096,13.820416384259238,3.449088213761142
41016,889.1066465517233,883.2672249999998,-5.83942155172349,593.6589051724153,780.9735899999964,187.31468482758112,0.6677101727122359,0.892812014526923,0.22510184181468718,176.86194827586257,120.86393500000015,-55.99801327586242,273.7708879310345,375.4607783333339,101.6898904022994,1.5527515951173934,3.0457695846038253,1.493017989486432,0.405643874802973,0.9404023337530454,0.5347584589500725,10.174058108237524,13.602248587962968,3.428190479725444
41019,814.0958551724141,794.546424999998,-19.549430172416123,599.9488189655181,785.4165633333339,185.46774436781584,0.7369580519025589,0.9983691937277637,0.26141114182520475,162.48699655172425,110.5395366666666,-51.94745988505764,278.04109137931084,383.3857766666661,105.34468528735528,1.7145676483698442,3.480475117966903,1.765907469597059,0.3796115099235352,0.9101839410519661,0.5305724311284309,10.271068275862056,13.729488388888878,3.458420113026822
41020,934.4586689655193,953.1160433333323,18.657374367812963,591.8065586206889,768.7713683333311,176.96480971264225,0.6333334515318471,0.812210006812924,0.17887655528107693,182.45645517241405,123.93042666666697,-58.52602850574708,274.1962396551722,371.1232283333328,96.92698867816063,1.5046497009257265,2.970662324578723,1.4660126236529964,0.4343917944090646,0.980598338118429,0.5462065437093644,10.460041451149415,13.886986675925899,3.4269452247764836
41022,901.6837206896525,884.4420733333297,-17.2416473563228,597.1603586206892,777.9245733333337,180.7642147126445,0.6622860659264909,0.8879247347946219,0.225638668868131,173.87990000000048,117.97247500000014,-55.90742500000033,276.9011672413797,381.8212883333334,104.92012109195372,1.5938633753997222,3.1930987143291794,1.5992353389294571,0.4419501184171991,0.968726828651065,0.5267767102338659,10.270691187739457,13.706900824074086,3.4362096363346293
41023,978.4741862068971,981.2895833333333,2.81539712643621,604.3625982758629,794.8224699999996,190.45987172413675,0.617677371744698,0.8128204532574275,0.19514308151272952,191.18605689655215,127.7900633333337,-63.39599356321844,278.4916327586204,386.4365833333326,107.94495057471215,1.4551158246384763,3.034488617518252,1.5793727928797758,0.4172360067367691,0.9969748827265295,0.5797388759897604,10.051935847701126,13.471119245370387,3.4191833976692614
41025,850.3232379310347,814.1573183333342,-36.16591959770051,598.4953517241374,779.7150499999989,181.21969827586145,0.7038589330962453,0.9678582914454047,0.26399935834915944,166.68176724137953,115.3264066666669,-51.355360574712634,277.99500344827567,382.38121999999964,104.38621655172398,1.6721402416484075,3.277678271671575,1.6055380300231674,0.4077467050427815,0.8954107410424527,0.4876640359996712,10.315807883141737,13.762335699074077,3.44652781593234
41027,949.7469258620695,933.443476666665,-16.303449195404482,596.3578982758631,779.3109316666711,182.95303339080795,0.6279355552727786,0.8437597658156983,0.21582421054291978,182.17244655172425,122.16703166666682,-60.005414885057434,276.7005344827586,384.5035999999999,107.8030655172413,1.513736652462973,3.0804568654963105,1.5667202130333375,0.44422005444530827,0.9709399456879964,0.526719891242688,10.10861509099615,13.552193999999986,3.4435789090038362
41028,873.2744879310326,888.4026000000007,15.128112068968107,595.5091275862069,776.5458033333366,181.03667574712972,0.6819440575176802,0.879542575885194,0.19759851836751385,167.4824051724138,112.66295666666672,-54.819448505747076,274.9368586206896,374.0736466666663,99.13678804597674,1.6502093245991079,3.2806506281066103,1.6304413035075025,0.45099951723455384,1.0039111543629042,0.5529116371283505,10.481383716475094,13.92151389814813,3.4401301816730356
41029,846.7046896551719,844.1081383333324,-2.59655132183957,595.6747482758636,779.9488850000008,184.27413672413718,0.7035301171545721,0.9335093396665742,0.2299792225120021,168.9351258620694,115.93359000000022,-53.00153586206919,274.5942568965519,375.137983333333,100.54372643678113,1.62906301821599,3.1865751340128643,1.5575121157968743,0.4101863620719908,0.9469261086581466,0.5367397465861559,10.35133908524903,13.778060814814772,3.4267217295657417
42001,862.5888241379291,867.1930899999976,4.604265862068473,604.4899793103449,787.1586099999995,182.6686306896546,0.7008078452409608,0.9055949966286814,0.20478715138772052,171.26398448275899,115.10990666666684,-56.15407781609214,279.4896603448272,380.11600999999985,100.62634965517265,1.63047135151184,3.297567644621912,1.6670962931100721,0.3901305574011857,0.9597863988939296,0.569655841492744,10.377033544061309,13.807812708333318,3.4307791642720087
42003,893.6447310344831,878.5749249999992,-15.069806034483918,602.1102568965536,783.5760716666672,181.46581477011364,0.6737801006956861,0.8975242983050862,0.22374419760940012,166.95326551724153,109.26003,-57.69323551724153,275.15579137931024,379.83678833333295,104.6809969540227,1.644306021477406,3.4811762200147074,1.8368701985373015,0.48186097717796506,1.0405783263402522,0.5587173491622871,10.521032897509585,13.939663634259267,3.418630736749682
42004,818.0856568965503,781.9486699999969,-36.13698689655337,600.5661603448251,787.2283750000036,186.66221465517845,0.7341181255544318,1.0196631589423129,0.28554503338788106,166.62813620689673,112.6204150000003,-54.00772120689642,276.4354948275864,385.6817400000007,109.24624517241426,1.6639765616053683,3.4278869058825063,1.763910344277138,0.36388218700481606,0.8813778051091818,0.5174956181043657,10.087018702107294,13.536106319444457,3.449087617337163
42006,946.2036413793129,940.8850366666634,-5.318604712649517,600.3414775862059,791.5042716666665,191.16279408046057,0.6345013870031164,0.8462957015332164,0.2117943145301,187.2130327586209,127.06662333333342,-60.14640942528747,276.471475862069,388.2275200000007,111.75604413793172,1.469407523297342,3.064036698121323,1.5946291748239811,0.39932425731873933,0.9517408938787919,0.5524166365600526,10.088203160919536,13.558269490740773,3.470066329821238
42008,925.1709413793088,915.0170916666648,-10.153849712644046,596.9457206896557,781.5905933333329,184.64487264367722,0.6452601340880155,0.861869267625283,0.21660913353726752,184.57100000000054,125.1913183333338,-59.37968166666674,276.13444827586227,384.5854916666663,108.45104339080405,1.4912173209875514,3.0781136248494754,1.586896303861924,0.39245201100362326,0.9388374279610617,0.5463854169574385,10.030337150383112,13.476530231481508,3.4461930810983965
42010,858.1921620689649,837.3254116666648,-20.866750402300113,600.4319448275852,786.0891316666679,185.65718683908267,0.6996651340792808,0.9488972537173854,0.24923211963810465,172.7790465517246,116.49162333333337,-56.28742321839124,277.2689482758616,386.12045500000085,108.85150672413926,1.5975571175563257,3.3217382821912422,1.7241811646349166,0.37661141772419815,0.917043727094248,0.5404323093700498,10.10014887452104,13.551370481481527,3.4512216069604875
42011,875.3824965517235,869.736131666666,-5.646364885057551,602.9549275862056,793.193094999999,190.23816741379335,0.6888148109238075,0.919007472349374,0.2301926614255665,174.84085000000022,118.0202050000002,-56.82064500000001,277.2170655172413,388.5782533333337,111.36118781609241,1.5769670538992522,3.3005142577034112,1.723547203804159,0.3878216966913619,0.9470183531018778,0.5591966564105159,10.318029894636009,13.788923435185186,3.470893540549177
42016,876.515703448277,853.4657966666664,-23.049906781610616,598.3995241379291,784.0425033333345,185.64297919540536,0.6827209018979412,0.9301311609801306,0.2474102590821894,176.5351431034486,119.92957166666693,-56.60557143678167,276.8052275862069,385.903615,109.09838741379309,1.5606041057979423,3.2259007536610804,1.6652966478631381,0.3778869557446809,0.9109426125183047,0.5330556567736238,10.006310158046016,13.457620875000023,3.4513107169540067
42017,811.0855086206886,819.0014533333316,7.915944712642954,604.9241189655174,778.2076950000023,173.2835760344849,0.7459296350996476,0.944304871684873,0.19837523658522538,159.84251379310368,106.0408033333335,-53.80171045977018,281.5011775862067,373.76906499999996,92.26788741379323,1.7661678017466254,3.483887850858487,1.7177200491118616,0.3870313727065151,0.9593117542111358,0.5722803815046207,10.570348745210747,13.953843236111087,3.3834944909003397
42024,822.4670810344819,778.2500083333296,-44.21707270115235,598.8990000000003,787.026726666666,188.1277266666657,0.7281777203886999,1.0243516549933063,0.2961739346046064,169.62984827586223,115.98336166666695,-53.64648660919528,276.47165517241376,387.0146583333335,110.54300316091974,1.6365273869519674,3.3406680491581398,1.7041406622061723,0.33919619111685734,0.8447152621872742,0.5055190710704169,9.945893160919548,13.400383138888895,3.454489977969347
42026,807.2107896551718,775.9581283333348,-31.252661321836968,601.166043103449,785.5636616666675,184.39761856321843,0.7447582202576062,1.0214396105862513,0.27668139032864514,160.8961379310347,107.51183500000022,-53.38430293103448,276.66735517241375,384.6511266666662,107.98377149425244,1.721681457587441,3.5788485415041915,1.8571670839167504,0.40560723934264875,0.9287531732963105,0.5231459339536617,10.237990378352478,13.677188907407436,3.4391985290549574
42027,790.4276206896532,761.8861799999995,-28.541440689653655,599.0978741379297,783.9027933333327,184.80491919540304,0.7579498582342514,1.040306076810198,0.2823562185759465,162.6088224137933,108.22724000000031,-54.381582413792984,276.9666379310344,385.7602016666665,108.79356373563206,1.7040181491762842,3.5714620419393626,1.8674438927630783,0.33932485613577457,0.8819730637976093,0.5426482076618347,10.16273204022987,13.621655430555602,3.458923390325733
43005,779.5345724137904,735.3940683333301,-44.140504080460346,593.3386310344829,776.6383999999998,183.29976896551693,0.761146155102844,1.06357587657168,0.30242972146883607,172.41085689655188,119.54517166666673,-52.865685229885145,272.4465017241379,379.629858333333,107.18335660919513,1.592774925078964,3.175377446486664,1.5826025214077002,0.27005911215646966,0.7642377956093933,0.49417868345292365,9.902153467432948,13.320054148148145,3.4179006807151975
43006,901.6352931034468,850.2849466666653,-51.35034643678148,593.378377586208,774.7656816666668,181.38730408045876,0.658123458226336,0.9176411851327252,0.2595177269063892,183.46051206896533,123.9861116666668,-59.47440040229853,271.6558189655173,376.8093916666664,105.15357270114907,1.4868294614735702,3.0389083736160893,1.5520789121425191,0.398925527036356,0.8951983413700719,0.49627281433371595,9.94471002873561,13.341947018518518,3.3972369897829076
43007,888.4500258620694,844.7732750000007,-43.67675086206873,599.8665189655194,780.1539816666672,180.28746270114777,0.6752023196325306,0.9308668687010684,0.25566454906853775,174.44667068965543,116.6906433333334,-57.756027356322036,273.1894982758621,376.18907666666587,102.99957839080378,1.5681925001639776,3.2242101530360374,1.6560176528720598,0.4285150430352471,0.9434700117579968,0.5149549687227497,10.265252112068946,13.64321919444443,3.377967082375484
43008,871.8216465517231,819.2048033333324,-52.61684321839073,593.1522310344856,775.2362266666626,182.083995632177,0.6803649913359004,0.9477812698949455,0.26741627855904504,185.32675344827604,127.32794833333355,-57.998805114942485,271.3150499999998,376.6067616666667,105.29171166666691,1.4717634488333344,2.9575022122850827,1.4857387634517483,0.34104833452717054,0.8316491646360922,0.49060083010892164,9.881964549808437,13.276259037037029,3.394294487228592
43009,871.8230172413805,821.6581216666633,-50.16489557471721,595.7432327586198,772.7688849999986,177.0256522413788,0.6833425062617642,0.94604171754765,0.2626992112858858,177.8640086206896,121.28728666666684,-56.576721954022744,271.30508275862064,372.25100833333335,100.9459255747127,1.527206641798558,3.0691228979217313,1.5419162561231734,0.382187795955196,0.8715839186651535,0.4893961227099575,10.210557729885004,13.576911759259282,3.3663540293742784
43014,798.0960155172406,750.8044966666655,-47.29151885057513,589.4096586206892,770.7853049999977,181.37564637930848,0.7385194745754458,1.0361093489704176,0.29758987439497187,176.4478913793107,121.81620666666684,-54.63168471264386,271.176332758621,377.2502099999999,106.07387724137891,1.5484964437515205,3.0968365755227554,1.5483401317712349,0.2638043756089175,0.7624071682313334,0.49860279262241586,9.824956499042138,13.24638527314813,3.4214287741059923
43017,782.1660103448257,739.2219566666636,-42.94405367816216,590.7204103448262,772.8058416666672,182.08543132184104,0.7552361485435083,1.04921025724408,0.2939741087005717,178.71866551724156,124.13756000000016,-54.5811055172414,271.21508965517205,377.3822600000005,106.16717034482843,1.530065315677925,3.0402345223200844,1.5101692066421595,0.22720077039169856,0.7287688405034791,0.5015680701117806,9.877824209770102,13.285384240740758,3.4075600309706555
43018,886.3395931034441,847.027133333331,-39.31245977011315,602.6015327586207,787.0442816666664,184.4427489080457,0.6799016558421939,0.9365578873802527,0.25665623153805883,172.00426551724172,113.10760666666691,-58.89665885057481,275.29017586206874,381.80981000000065,106.51963413793192,1.604849146731911,3.376502735731947,1.7716535890000358,0.44052517878520236,0.978849235626318,0.5383240568411156,10.266953898467452,13.665848884259272,3.39889498579182
43021,848.0771413793118,802.5197233333303,-45.557418045981535,598.1305568965523,781.417996666667,183.2874397701147,0.7052859186196114,0.9803280173798301,0.2750420987602187,175.29549827586214,118.40618500000025,-56.889313275861895,273.314505172414,379.4463899999997,106.13188482758574,1.5669324147471728,3.2045929341075508,1.637660519360378,0.3705160247497087,0.8809138919445674,0.5103978671948587,10.035917179118773,13.444015824074041,3.4080986449552686
44001,1024.7451517241382,1006.3230483333328,-18.42210339080532,601.308022413793,782.3007949999992,180.99277258620623,0.5868009255982054,0.7792478894512651,0.1924469638530597,190.248424137931,118.72676000000021,-71.5216641379308,273.10540000000015,373.75326000000064,100.64786000000049,1.4362361186461041,3.150573846217503,1.7143377275713987,0.49229211991077965,1.088618499585718,0.5963263796749383,10.172057974137914,13.507087185185219,3.3350292110473045
44002,993.3760724137915,963.1812499999972,-30.194822413794213,602.198206896553,786.2268016666665,184.0285947701135,0.6062321374598671,0.8224333004220292,0.21620116296216207,179.91160172413808,114.9520616666668,-64.95954005747129,273.57067241379343,379.55696166666723,105.9862892528738,1.5181305733467134,3.3038820264249456,1.7857514530782321,0.5259364539508167,1.0964587240865982,0.5705222701357815,10.216760905172457,13.579012384259276,3.3622514790868188
44006,1120.180758620687,1080.5058783333334,-39.67488028735352,592.657439655172,777.005820000001,184.34838034482902,0.529089020813493,0.7245458801845246,0.19545685937103163,207.1221344827585,134.02433166666685,-73.09780281609164,268.77844137931055,373.4597033333331,104.68126195402255,1.2923893438014513,2.788729845779372,1.4963405019779206,0.48924707581193994,1.0471835332315136,0.5579364574195737,9.692069228927178,13.043265162036995,3.3511959331098176
44009,892.3204793103436,883.1550233333315,-9.165455977012016,613.8633603448275,796.5422749999982,182.67891465517073,0.6879537061485157,0.8960280383556567,0.208074332207141,167.65189827586238,102.31324500000024,-65.33865327586214,279.2588068965519,376.2042333333335,96.94542643678159,1.669927069703418,3.6623072570007973,1.9923801872973792,0.46667791517696006,1.0827800256121183,0.6161021104351583,10.240276130268242,13.536724388888887,3.2964482586206447
44011,942.5618499999997,919.7620483333311,-22.7998016666686,593.6002120689659,773.4745099999998,179.87429793103388,0.629783686828953,0.8456326817588588,0.21584899492990572,187.69929310344816,116.45182666666706,-71.2474664367811,267.6785293103451,368.57373666666695,100.89520735632186,1.427601805318348,3.168991018980752,1.7413892136624043,0.40011572129075823,1.0054413831759814,0.6053256618852232,10.25871295977013,13.604557898148162,3.3458449383780327
45001,1319.4281293103445,1197.0263000000004,-122.40182931034406,570.4592482758615,739.372260000001,168.91301172413955,0.43235332758746575,0.6189305892783143,0.1865772616908486,257.3232965517243,167.4288333333335,-89.8944632183908,252.9488068965515,346.68795499999976,93.73914810344826,0.9779502115893428,2.0707313828403944,1.0927811712510516,0.48462116924283094,0.9732303808147593,0.4886092115719284,9.401831240421469,12.640503569444455,3.238672329022986
45003,999.6686741379312,901.753128333333,-97.9155458045982,583.9245258620695,761.4998066666676,177.57528080459815,0.5841214004504132,0.8484038039903503,0.26428240353993715,200.58357068965552,128.79779000000028,-71.78578068965524,260.8624327586208,361.02457000000095,100.16213724138015,1.2919993013095339,2.803263414542582,1.511264113233048,0.40647870620109383,0.929300660867892,0.5228219546667981,9.958151891762453,13.24195209722222,3.2838002054597677
45004,1054.4706551724123,995.5102516666675,-58.96040350574481,590.4623999999999,770.1657566666654,179.7033566666655,0.5599694463994275,0.7772343062582232,0.21726485985879573,207.777029310345,133.12870833333378,-74.64832097701122,265.83869827586193,366.0749283333337,100.23623005747174,1.281381148105366,2.749644452109266,1.4682633040039,0.4312848237137749,0.97718353628943,0.5458987125756551,10.03658086685823,13.347410805555551,3.310829938697321
45005,997.518801724137,913.1963399999973,-84.32246172413966,587.0294431034474,766.0376233333317,179.00818022988426,0.5884944407945234,0.8431768869960768,0.25468244620155345,199.1930775862071,126.1120316666671,-73.08104591954,262.74304482758595,363.00015666666627,100.25711183908032,1.3145967567329246,2.87816737714511,1.5635706204121855,0.40298497760844754,0.9352169931840658,0.5322320155756183,10.0229344157088,13.300087217592647,3.2771528018838474
45009,1479.6942689655184,1347.6122916666677,-132.0819772988507,561.6719862068958,725.8160566666677,164.1440704597719,0.3795868267545428,0.5402355881662599,0.16064876141171713,274.2683827586204,179.45382000000063,-94.81456275861979,249.13097586206914,339.04168999999945,89.91071413793031,0.9048300315148952,1.8891754233034892,0.984345391788594,0.5598465114818718,1.036493941910095,0.4766474304282231,8.99137822318006,12.20951185185187,3.2181336286718096
45012,917.2829379310308,816.0219983333309,-101.26093959769992,582.6585810344823,753.7247266666661,171.06614563218386,0.635208845652185,0.9304987288409934,0.29528988318880833,177.21793965517247,117.04064166666686,-60.177297988505615,257.9879982758621,351.7664016666665,93.77840339080444,1.4487720990171238,3.0065409611263916,1.5577688621092678,0.47573171103303113,0.9044653208730817,0.4287336098400506,10.180864976053664,13.419293527777825,3.2384285517241604
46003,1937.7950155172311,1861.5992149999902,-76.19580051724097,554.0182948275876,715.0107016666663,160.99240683907863,0.2865489374559973,0.3894402699023852,0.10289133244638793,340.0352948275862,201.89280333333383,-138.14249149425237,247.29390000000018,339.79339666666675,92.49949666666657,0.7326994972075306,1.6829735642364962,0.9502740670289657,0.6731611967244615,1.210912829920464,0.5377516331960024,9.025331676245223,12.265386856481506,3.2400551802362827
46005,2274.2797931034474,2172.857283333331,-101.42250977011645,541.215072413793,702.3035999999995,161.0885275862065,0.23848621865494574,0.3289623499480027,0.09047613129305698,403.0795603448279,244.4928650000003,-158.58669534482758,240.67051379310345,334.3217166666666,93.65120287356314,0.6007063454349859,1.3673586265983513,0.7666522811633654,0.6688838892040626,1.183711647105934,0.5148277579018713,8.22042920019157,11.447677972222234,3.2272487720306646
46008,1675.9815689655193,1631.18004333333,-44.80152563218917,572.890970689654,744.4206466666653,171.52967597701138,0.3422546708347116,0.46074154691420977,0.11848687607949815,317.63567068965546,183.9799816666669,-133.65568902298855,254.80024827586192,350.68667999999957,95.88643172413765,0.8065033942058861,1.9060080125486034,1.0995046183427173,0.5759991857436013,1.1781607546350745,0.6021615688914732,9.758886053639824,12.993095842592599,3.234209788952775
46014,1336.9857137931028,1207.8420033333325,-129.14371045977032,566.7909465517225,730.6889049999993,163.89795844827677,0.4239336056808155,0.615477748081565,0.19154414240074946,226.09360689655182,143.33783000000017,-82.75577689655165,251.8895051724138,343.0492366666666,91.15973149425281,1.1141337751358933,2.3932579425061147,1.2791241673702214,0.6884692915664671,1.1359665040875995,0.4474972125211324,9.594558539272018,12.8263003194444,3.2317417801723813
47001,1261.0014172413757,1197.9279233333334,-63.07349390804234,570.3113603448278,729.0540216666668,158.74266132183902,0.45226841720240885,0.6128995278364913,0.16063111063408242,247.20650862068965,158.79965500000014,-88.4068536206895,248.45509655172384,331.95703999999995,83.50194344827611,1.0006696400529473,2.091382981488011,1.0907133414350638,0.48083689403534313,0.9827429613065779,0.5019060672712348,10.092369894636029,13.237424782407423,3.145054887771394
47004,1511.9453206896537,1458.573436666663,-53.3718840229908,567.0378879310367,729.6242000000027,162.58631206896598,0.3750384511961288,0.5024494028727269,0.1274109516765981,287.14886896551695,182.49755500000003,-104.65131396551692,248.07727241379314,335.0495049999996,86.97223258620647,0.8598991560394771,1.8370801946957933,0.9771810386563162,0.5383666763497861,1.055302918806539,0.516936242456753,10.01377764367815,13.17490449537034,3.16112685169219
47005,1270.7468206896551,1202.7833100000007,-67.96351068965441,571.8791913793091,728.2865683333343,156.40737695402527,0.45003514758891416,0.6069041417570333,0.15686899416811917,242.26449999999997,157.10353833333357,-85.1609616666664,247.77862586206885,326.2001349999997,78.42150913793085,1.0195413408164944,2.0762207869101936,1.0566794460936992,0.5136372346384895,1.0059918665293446,0.49235463189085504,10.167840162835256,13.271395865740754,3.1035557029054974
47008,1144.6907827586174,1072.9480333333308,-71.74274942528655,568.891905172414,727.3356750000013,158.4437698275873,0.4969828762841117,0.6853485035709437,0.18836562728683198,230.94481724137952,147.5623400000001,-83.38247724137943,249.76314999999988,336.329255,86.5661050000001,1.0794471419838745,2.283486244201347,1.2040391022174726,0.44097992093036587,0.9334026358836065,0.49242271495324064,10.035785287356326,13.210906726851878,3.175121439495552
47009,1347.0498672413785,1311.0308750000004,-36.0189922413781,579.4438362068978,745.4218583333333,165.97802212643546,0.43015761690181736,0.5675304654694453,0.13737284856762794,263.5699155172419,165.71227333333337,-97.85764218390852,255.3638017241379,341.9543449999999,86.59054327586199,0.9680561290201689,2.069869017364224,1.101812888344055,0.5022710434286131,1.038941747564869,0.536670704136256,10.414780742337127,13.570049935185144,3.155269192848017
47011,1667.5483103448305,1631.3303866666656,-36.21792367816488,555.5418224137934,719.5880099999996,164.0461875862062,0.3344496136137415,0.447401733796222,0.11295212018248052,329.91221034482766,195.24642333333352,-134.66578701149413,246.08099137931043,339.5036033333331,93.42261195402267,0.752306582146071,1.7387656194542904,0.9864590373082194,0.4894657898541986,1.0721016354786557,0.5826358456244571,9.344930043103439,12.585582064814833,3.2406520217113943
47014,1716.8483,1651.0776449999923,-65.77065500000776,549.9417258620672,709.8066449999992,159.86491913793202,0.3213578247772823,0.4368141495993446,0.1154563248220623,338.96622931034494,203.73012000000017,-135.23610931034477,243.59714655172408,335.71926666666616,92.12212011494208,0.7238602621742898,1.6477825876001986,0.9239223254259088,0.49612425520714254,1.0512642395991092,0.5551399843919667,9.090351513409956,12.324618222222242,3.234266708812285
47018,1142.404329310341,1069.9505016666658,-72.45382764367514,566.8978999999994,723.4193049999997,156.5214050000003,0.4962320272049493,0.6843147143102286,0.1880826871052793,229.88916896551746,146.57068666666692,-83.31848229885054,249.5520620689656,335.80664833333344,86.25458626436784,1.0842018699920668,2.2957139566445406,1.2115120866524738,0.44972972781426335,0.9414167227062926,0.49168699489202927,10.000578864942554,13.183143148148144,3.18256428320559
48003,1218.5776517241413,1163.7381283333343,-54.83952339080702,568.3357896551713,727.9205216666674,159.58473201149604,0.46639297189165174,0.6270351510179935,0.1606421791263417,239.02497413793134,154.10759833333339,-84.91737580459795,243.99904655172418,324.70108999999957,80.70204344827539,1.0250566337877818,2.1002820014802746,1.0752253676924928,0.48509141487488083,1.0002636507699476,0.5151722358950668,10.416355129310329,13.490196245370424,3.0738411160600947
48004,1467.622758620686,1393.629553333326,-73.99320528736007,558.9405793103451,716.641125000002,157.7005456896569,0.3808492161804984,0.5171977769791232,0.13634856079862478,296.20244827586214,189.22452333333388,-106.97792494252826,242.82021896551709,324.1358833333329,81.31566436781583,0.8185351614913935,1.7128023291500307,0.8942671676586372,0.4389543995521744,0.9670776281443498,0.5281232285921754,9.760148084291165,12.865705486111086,3.1055574018199206
48005,1110.849298275864,1044.9893183333343,-65.85997994252966,571.3074603448287,730.1371900000016,158.82972965517297,0.5142985328458458,0.6994043934088703,0.18510586056302447,206.10721551724163,131.4349083333334,-74.67230718390823,243.2959741379308,322.3271850000003,79.03121086206951,1.1845099382641338,2.4473516331138097,1.262841694849676,0.5802140467475007,1.09123026363656,0.5110162168890594,10.749190229885023,13.798684884259227,3.049494654374204
48011,1471.0001724137924,1406.1319250000017,-64.86824741379064,561.4715068965495,720.6035633333324,159.13205643678293,0.38169380390169666,0.515003106028901,0.13330930212720432,291.10268103448334,186.04559000000012,-105.05709103448322,244.07814310344827,327.1608483333332,83.08270522988494,0.8359280023787075,1.7583377058919247,0.9224097035132173,0.4695189367270564,0.9925021111219625,0.522983174394906,9.902583136973174,13.021444606481523,3.1188614695083494
49001,1358.1758689655176,1289.8640149999978,-68.31185396551973,562.5530689655156,717.7165116666667,155.1634427011511,0.41420074389111616,0.5565225108681133,0.14232176697699717,270.5070758620689,173.77534666666696,-96.73172919540195,242.81669482758602,321.0440199999998,78.2273251724138,0.89782620952428,1.847329637419576,0.949503427895296,0.4452435380809435,0.9655522452283787,0.5203087071474352,10.070348649425274,13.159984879629661,3.0896362302043876
49002,1063.5356379310342,1021.7080066666643,-41.82763126436987,567.2146258620689,723.2831566666649,156.06853080459598,0.5333294775339208,0.7112685573643752,0.17793907983045443,204.33580344827612,132.85544833333358,-71.48035511494254,239.32726896551702,315.97518499999984,76.64791603448282,1.1763894882145576,2.371354134708789,1.1949646464942316,0.5292246606391582,1.038810639654259,0.5095859790151007,10.864084343869756,13.88333615277774,3.0192518089079847
49004,1037.287948275862,977.1022416666644,-60.185706609197496,573.0241844827583,732.6797216666664,159.6555371839081,0.55242593425351,0.7467053236357395,0.19427938938222944,200.73835862068978,128.8214250000001,-71.91693362068969,244.0531293103453,321.94704666666576,77.89391735632046,1.2201384448275356,2.4881654594357663,1.2680270146082306,0.5031114149371014,1.0160711861210383,0.5129597711839369,10.71856143199238,13.789925157407389,3.071363725415008
50001,1191.0076758620694,1095.2892550000015,-95.71842086206789,570.6852603448262,734.2148650000001,163.5296046551739,0.47916160552520437,0.6711167189176542,0.19195511339244986,239.8018724137934,158.1702116666669,-81.63166074712652,251.80623275862084,341.28878333333284,89.48255057471201,1.044479222121432,2.157680049804977,1.113200827683545,0.44021389798001875,0.912154650245205,0.4719407522651863,9.813879473180076,13.016880347222191,3.2030008740421145
50002,1245.7045051724126,1159.5923266666634,-86.11217850574917,570.5550862068947,730.5439683333348,159.9888821264401,0.458017881796544,0.6288516463490669,0.17083376455252286,247.1443224137926,161.15016000000057,-85.99416241379203,249.49168103448272,333.6980750000005,84.20639396551775,1.0067739795821367,2.071978232909017,1.0652042533268804,0.4705426151326909,0.9603655991309182,0.4898229839982273,10.01634626436782,13.167934379629646,3.1515881152618253
50006,1350.198087931036,1256.7109333333337,-93.48715459770233,566.4558689655163,726.8177400000021,160.36187103448583,0.4195355924353943,0.5798908117942856,0.1603552193588913,280.8395482758625,183.98927000000006,-96.85027827586245,250.00655862068947,338.04122166666696,88.03466304597748,0.8852433146518794,1.837205898322639,0.9519625836707595,0.39395706633600325,0.8901039431202742,0.49614687678427094,9.619392710727961,12.816680037037024,3.1972873263090626
50007,1336.5283413793095,1215.6988516666604,-120.82948971264909,562.9105362068979,724.1574633333335,161.2469271264356,0.42117391026829554,0.6059623219960961,0.18478841172780058,234.94013103448333,152.36252500000046,-82.57760603448287,248.2735862068963,337.63259833333325,89.35901212643694,1.0569442914975231,2.2164425956771465,1.1594983041796234,0.6429035065542048,1.0778107201703748,0.43490721361617,9.517626417624534,12.722186388888911,3.204559971264377
50008,1261.8180758620638,1165.1839783333317,-96.63409752873213,568.6591965517234,728.1589333333326,159.49973678160916,0.4506663595092426,0.6284932210319351,0.17782686152269245,248.4304086206898,160.22157833333372,-88.20883028735608,249.2201482758618,335.7183883333332,86.49824005747143,0.9985087414815422,2.097582861556921,1.0990741200753789,0.48155388655562426,0.9627318993258176,0.48117801277019334,9.923198941570892,13.092760277777742,3.1695613362068507
50011,1574.2237810344818,1451.1696083333345,-123.05417270114731,551.2200982758609,706.9438100000011,155.72371172414023,0.3501533484475726,0.49614203460485057,0.14598868615727795,291.41817413793115,186.19275000000022,-105.22542413793093,243.4101879310341,330.56701666666606,87.15682873563196,0.837286220314156,1.7763306619023216,0.9390444415881656,0.5808449300745708,1.0421550965196529,0.46131016644508205,9.10985704501917,12.307073078703723,3.197216033684553
51001,973.662301724137,872.4207200000003,-101.24158172413672,579.7650396551735,746.1705133333342,166.40547367816066,0.5954477681265321,0.848829830890429,0.25338206276389685,189.10716034482783,124.11234166666682,-64.99481867816101,257.8523775862069,345.4374616666669,87.58508408045998,1.358572998455821,2.7889696635069186,1.4303966650510975,0.4551870839988321,0.9255453419649604,0.4703582579661283,9.979844578544071,13.209902680555551,3.23005810201148
52004,944.6032086206866,870.1065799999966,-74.49662862068999,591.4928775862081,767.332026666668,175.83914908045983,0.6261876887502563,0.8862157543448179,0.2600280655945616,188.73614655172435,123.23425833333357,-65.50188821839077,266.39208620689664,365.2897516666672,98.89766545977056,1.4144325274818406,2.9658237357679393,1.5513912082860988,0.41229926630056685,0.9439310693915811,0.5316318030910143,10.276466863026828,13.584691527777757,3.308224664750929
52005,1020.444829310342,908.5458416666646,-111.8989876436774,584.3189448275866,755.6006783333307,171.2817335057441,0.5726137981800226,0.8266753018864603,0.25406150370643776,200.2117224137931,130.3730433333335,-69.8386790804596,261.6351086206897,356.9758749999998,95.34076637931008,1.2996758979435798,2.742419840855023,1.442743942911443,0.4594355418732587,0.9572339090844089,0.4977983672111502,9.989965158045989,13.256463643518494,3.266498485472505
52006,910.4621499999986,859.3301149999984,-51.1320350000002,596.0653017241378,772.2867733333316,176.2214716091937,0.6546952612030495,0.9009404002114605,0.24624513900841094,184.50103793103455,124.3650800000002,-60.13595793103434,270.1013931034483,369.4013016666669,99.2999085632186,1.463727079794933,2.970559670776626,1.5068325909816929,0.3847394447754975,0.9035227839984596,0.5187833392229622,10.24904597222218,13.587167874999974,3.338121902777793
52007,935.0031189655163,876.5714166666671,-58.43170229884913,593.6489379310337,766.2456799999998,172.59674206896602,0.6349239702204077,0.876054982389853,0.24113101216944532,188.70409310344843,125.68788833333355,-63.01620477011488,268.7530482758617,365.1941950000004,96.44114672413866,1.4304276968620577,2.9055148123463743,1.4750871154843166,0.3860965544231496,0.9104505266254028,0.5243539722022532,10.407348050766238,13.723810060185201,3.316462009418963
52009,978.9097931034457,916.183721666666,-62.72607143677976,589.2877775862075,768.2431033333351,178.95532574712752,0.6019837200541533,0.8345627990403216,0.23257907898616825,235.74075000000042,156.01602166666683,-79.72472833333359,266.21200862068974,367.26705666666703,101.05504804597729,1.1370792408640646,2.3538488364843886,1.216769595620324,0.14684481999602722,0.6909938965248438,0.5441490765288166,9.87135210249042,13.19398491666664,3.3226328141762203
52010,872.9206017241386,807.8702799999996,-65.05032172413894,594.9795517241364,774.3360566666684,179.35650494253196,0.6815980797448952,0.9589745909723475,0.2773765112274523,208.44890517241373,138.80777000000023,-69.6411351724135,269.81182068965495,371.4383566666667,101.62653597701177,1.3060209456013534,2.675639530482478,1.3696185848811244,0.1610868883336698,0.6800144070375862,0.5189275187039164,10.153110680076644,13.498405009259308,3.3452943291826642
52011,735.3482931034466,678.5077150000021,-56.8405781034445,601.1505034482752,778.4291233333365,177.2786198850613,0.817511061218209,1.1403039189281907,0.3227928577099817,177.53571034482758,123.3074550000003,-54.228255344827275,271.4503551724141,370.1737850000005,98.72342982758641,1.5390007315567151,3.0022994956964806,1.4632987641397655,0.1346121222193314,0.622064360335179,0.4874522381158476,10.5789630124521,13.900375175925927,3.321412163473827
52015,972.942587931034,931.3449316666646,-41.59765626436945,589.6095224137929,768.2513849999996,178.64186258620668,0.6060070381088059,0.819906521154175,0.2138994830453691,218.73672068965544,147.67233666666712,-71.06438402298832,264.5215344827586,363.41494999999975,98.89341551724112,1.2068481703375178,2.46073974019942,1.2538915698619024,0.22351874300499266,0.7581028854689724,0.5345841424639798,10.156579099616822,13.489159277777755,3.332580178160933
52016,980.7258379310329,898.8959800000002,-81.82985793103262,584.9068293103485,759.7874550000001,174.88062568965165,0.5964020858152531,0.8374065916046542,0.24100450578940114,202.8658948275863,139.97775000000036,-62.88814482758593,260.79433103448275,354.12074666666683,93.32641563218408,1.2832698340370765,2.5357556096541343,1.2524857756170578,0.36053199436457173,0.8148012460831664,0.45426925171859467,9.70991809386972,12.949106708333332,3.239188614463613
53005,998.1249620689659,943.2323099999958,-54.892652068970165,586.9156310344838,761.9180033333332,175.00237229884942,0.5880181947466845,0.8042878821611161,0.21626968741443164,211.67641034482753,142.0561233333334,-69.62028701149413,266.794977586207,366.3112533333325,99.51627574712552,1.2631592193243701,2.57879413735479,1.3156349180304199,0.34352139751610145,0.8562668922337897,0.5127454947176883,9.982610105363964,13.326376444444456,3.343766339080492
53006,845.6515448275843,807.7420899999988,-37.90945482758548,591.2130862068975,770.3760516666691,179.1629654597716,0.6991264786340825,0.9488603027421131,0.24973382410803058,192.24124827586212,131.23075666666676,-61.010491609195356,267.4193551724136,367.2497033333334,99.83034816091981,1.3892610448824327,2.798265838748013,1.4090047938655803,0.201164563502865,0.7374547774278802,0.5362902139250152,10.229944348659007,13.589209060185137,3.35926471152613
53007,993.985584482758,928.3246283333315,-65.66095614942651,588.746149999999,767.1998116666662,178.45366166666713,0.5923105368169341,0.8239629041319021,0.23165236731496797,220.3017206896556,147.07055499999993,-73.23116568965568,267.97975862068967,369.9054750000005,101.92571637931081,1.22428628047889,2.515107189989358,1.290820909510468,0.2809570661904452,0.7984242256023604,0.5174671594119151,9.883578141762474,13.23598456944444,3.3524064276819665
53008,836.928537931034,800.6498949999987,-36.27864293103539,592.8303982758621,775.350231666665,182.5198333908029,0.7083411101978236,0.9730559678694988,0.26471485767167513,186.61607931034524,130.40329333333372,-56.21278597701152,270.2260379310345,375.4224799999997,105.19644206896521,1.4433802627136667,2.878984682376355,1.4356044196626883,0.22996941792290776,0.7469265499034101,0.5169571319805024,9.929192878352474,13.302470828703715,3.373277950351241
53009,1039.301551724137,982.3491483333303,-56.952403390806694,585.9185724137944,760.5563649999983,174.6377925862039,0.5637631922549002,0.7713961064517348,0.2076329141968346,219.12660689655132,145.81525166666688,-73.31135522988444,266.27608965517237,365.68316333333314,99.40707367816077,1.2219014319693902,2.50794514190539,1.2860437099359998,0.3598213000872273,0.8763859500837429,0.5165646499965155,9.925440335249036,13.265868800925958,3.340428465676922
53013,772.6569103448256,733.6548049999988,-39.00210534482687,591.5314706896564,772.6797783333342,181.14830764367775,0.7655810597897299,1.0567863300060962,0.29120527021636633,178.54515517241416,123.46204333333334,-55.083111839080814,270.78833103448284,375.44425499999994,104.6559239655171,1.523710956620144,3.041579118308494,1.51786816168835,0.18765453889879724,0.7084176113312759,0.5207630724324787,10.016500747126422,13.412824254629642,3.3963235075032205
53017,848.5762672413769,805.2415549999967,-43.3347122413802,589.365875862068,769.2599033333345,179.89402747126644,0.6945367183532742,0.950209381979957,0.25567266362668273,193.90523448275889,135.54195166666688,-58.36328281609201,266.79809482758674,368.28514500000017,101.48705017241343,1.3738376892386877,2.716959478911601,1.3431217896729135,0.20558464075804472,0.7092331149613664,0.5036484742033217,10.01358841475096,13.378605837962956,3.365017423211997
53018,853.6747931034458,806.1162166666668,-47.55857643677905,591.7343017241387,771.0834349999985,179.3491332758598,0.693160913856517,0.9548540007399209,0.26169308688340387,190.663324137931,131.15111333333374,-59.51221080459726,269.8739310344829,372.7194466666664,102.84551563218349,1.4181793932796807,2.8417616728442985,1.4235822795646178,0.2492214854781935,0.7604394898736511,0.5112180043954575,10.042267471264356,13.415047037037038,3.3727795657726816
53022,854.3033775862073,806.6666016666638,-47.636775919543425,591.6833103448284,771.0207766666681,179.33746632183966,0.6925911871538264,0.9539403425413303,0.2613491553875039,190.91078275862128,131.39440666666695,-59.51637609195433,269.7778482758622,372.5681499999997,102.79030172413752,1.4157379447495912,2.83535750953628,1.4196195647866887,0.2483562790223927,0.759181824391842,0.5108255453694492,10.038432863984655,13.411040319444435,3.3726074554597805
53023,877.373417241381,841.5380816666662,-35.835335574714804,591.8690413793097,775.7193816666675,183.85034028735777,0.6745940152284486,0.925055472920908,0.2504614576924593,194.58191206896583,135.66913500000027,-58.91277706896557,269.24949137931026,374.94294166666646,105.6934502873562,1.3812589415554797,2.7634963074681766,1.382237365912697,0.23832896393167516,0.7565324958624685,0.5182035319307934,9.821892011494267,13.185870953703724,3.3639789422094566
53028,901.5234879310325,857.1293366666641,-44.39415126436836,592.1199551724123,775.1881133333347,183.0681581609224,0.6567999039516921,0.9019954018848882,0.24519549793319617,201.262372413793,141.26051166666707,-60.00186074712593,269.1647620689655,373.67277000000036,104.50800793103485,1.33595201845903,2.6451444147517567,1.3091923962927265,0.2510401881305868,0.7512646747838958,0.500224486653309,9.857978702107243,13.22678824074071,3.3688095386334673
54001,940.331337931033,871.373795000001,-68.95754293103198,564.729265517244,719.1180916666685,154.38882614942452,0.6012749511600325,0.8188129266933741,0.21753797553334164,207.33001551724146,143.43956666666656,-63.8904488505749,253.37145689655148,337.0678466666667,83.69638977011522,1.2363830347105162,2.3609421884267485,1.1245591537162323,0.28507767501328296,0.7879420811735277,0.5028644061602447,9.29250456417627,12.470458740740707,3.1779541765644375
54002,665.4485758620683,621.6867099999965,-43.76186586207177,590.1726396551726,772.9156133333327,182.74297367816007,0.8868876949348841,1.2367556339985568,0.34986793906367275,172.07256551724174,125.63881500000002,-46.43375051724172,271.17237758620684,374.7345016666667,103.56212408045985,1.584323239650387,2.9898876933362635,1.4055644536858765,-0.06537508132539976,0.3991854184393972,0.46456049976479696,9.81929707375478,13.188241824074106,3.3689447503193257
54003,2117.640368965518,2072.2711016666713,-45.36926729884681,521.2500982758638,660.0304883333342,138.7803900574704,0.2471451790742779,0.3171786191311592,0.07003344005688128,366.30630172413714,237.39107499999994,-128.9152267241372,232.9981379310345,308.2633150000001,75.26517706896558,0.6433598280942476,1.30113236577794,0.6577725376836923,0.680496091528676,1.1792951127061755,0.4987990211774995,7.649348227969358,10.785561824074106,3.1362135961047484
54004,675.2710913793121,632.2533566666627,-43.01773471264937,588.0919758620669,770.9152649999985,182.82328913793162,0.8709044986261144,1.2118071172977243,0.34090261867160987,177.79130344827587,129.21923999999987,-48.572063448276,270.4602810344826,373.7783,103.31801896551741,1.5379029908970752,2.9057940694885653,1.3678910785914902,-0.07619868448785269,0.413399089532103,0.48959777401995574,9.739369343869733,13.099908458333346,3.360539114463613
54005,1196.8659224137923,1123.0832116666666,-73.78271074712575,548.0178741379299,692.8336516666676,144.81577752873773,0.45908237537268143,0.6153601978655052,0.1562778224928238,236.39867241379363,160.42519166666665,-75.97348074712698,246.0777724137935,324.5297216666664,78.45194925287288,1.0532835696044287,2.0302974408302594,0.9770138712258307,0.484822865939363,0.9769005601408982,0.4920776942015352,8.886910747126464,12.03079848148149,3.143887734355026
54007,710.0335241379324,664.7690249999987,-45.26449913793374,588.9541034482756,773.3983483333313,184.4442448850557,0.8294764455783528,1.1566289220000732,0.3271524764217204,183.42776379310357,131.0835966666669,-52.34416712643667,269.2775948275872,374.4247150000002,105.147120172413,1.4729798869222854,2.8716507501270945,1.398670863204809,-0.056032858254759635,0.448071540115425,0.5041043983701846,9.795430268199258,13.151373009259267,3.3559427410600087
54008,866.0640224137946,784.7757733333322,-81.28824908046249,562.4011155172406,722.5250266666646,160.1239111494241,0.6493873737797098,0.9181388675777622,0.2687514937980524,194.98771379310375,136.9671566666667,-58.02055712643704,253.8304724137933,342.82462833333295,88.99415591953965,1.3145541670696743,2.516318882181831,1.2017647151121569,0.23143334869059978,0.7101924586359509,0.47875910994535115,9.03630250000001,12.264884462962968,3.2285819629629575
54011,688.262096551722,636.9106683333339,-51.35142821838815,585.4122896551721,765.0572533333318,179.64496367815968,0.8505678654969118,1.1942207518396484,0.3436528863427366,178.3250896551728,125.56223500000007,-52.76285465517273,266.59998448275843,368.83600333333334,102.23601885057491,1.503424012382232,2.9536928399144893,1.4502688275322573,-0.04992290870153436,0.46809168970855886,0.5180145984100932,9.928714257662843,13.264110175925943,3.3353959182630994
54012,696.2276896551715,642.869543333332,-53.35814632183951,578.9177120689656,741.9379083333331,163.02019626436754,0.8315363765873679,1.1467120563913755,0.3151756798040076,180.76737413793109,127.75668666666667,-53.01068747126442,260.6622500000003,349.1202500000003,88.45799999999997,1.4556823812125639,2.74462762462733,1.288945243414766,-0.06320886259507368,0.45130375274413914,0.5145126153392128,9.708682614942505,12.898038504629623,3.1893558896871177
54015,668.496431034481,621.7677166666647,-46.72871436781634,592.9731982758615,776.4467300000001,183.47353172413864,0.8870279056279209,1.2424256469982589,0.35539774137033797,171.97601379310376,121.45495833333355,-50.52105545977021,269.9302775862068,374.264606666667,104.33432908046024,1.5744958216918716,3.093018265910871,1.5185224442189993,-0.048934813309620816,0.46172434462385736,0.5106591579334782,10.074869808429082,13.415356032407411,3.3404862239783295
54016,695.8526775862076,644.2250550000001,-51.62762258620751,580.4003517241389,742.9512866666689,162.55093494253003,0.8341065351583784,1.1446570588158476,0.31055052365746916,173.3458017241382,124.13041500000028,-49.215386724137915,259.90953620689646,346.448511666667,86.53897545977054,1.511202237092737,2.8058689990746313,1.2946667619818943,0.010248697471690469,0.5203742186757019,0.5101255212040114,9.729551326628334,12.893030648148134,3.1634793215198
54017,712.7697810344789,656.0665366666649,-56.70324436781402,590.460344827587,771.7926283333327,181.33228350574564,0.828402431842469,1.1718714729920519,0.3434690411495829,164.76284655172435,114.60657166666667,-50.156274885057684,267.3588965517241,369.5189066666667,102.16001011494257,1.614182693481831,3.228570531753098,1.6143878382712669,0.1331223337432369,0.6341781266913151,0.5010557929480782,10.083188625478954,13.409414666666633,3.326226041187679
54018,781.9531465517215,708.8759700000002,-73.07717655172132,565.9372034482756,721.6617533333325,155.72454988505694,0.723792585000087,1.0115418746295266,0.2877492896294396,190.95474655172404,134.6238616666668,-56.33088488505723,254.45943275862115,338.4628099999996,84.00337724137844,1.349406768444478,2.534400405384326,1.184993636939848,0.10188998800135626,0.5791798853918159,0.47728989739045957,9.275449693486571,12.464352861111134,3.188903167624563
54019,663.2194620689645,620.6922133333335,-42.52724873563102,590.6047051724133,773.718773333333,183.11406816091971,0.8905252372928864,1.2399122014619197,0.34938696416903336,176.3793931034484,130.3280533333332,-46.05133977011519,272.76982586206896,376.1126566666661,103.34283080459716,1.5625428840026152,2.890649032368054,1.3281061483654386,-0.1143421370116601,0.3528172857648877,0.46715942277654776,9.647179487547884,13.015183680555552,3.3680041930076676
54020,749.4573896551728,690.5301899999981,-58.92719965517472,575.6278637931032,732.2485066666684,156.6206428735652,0.7680835653860468,1.0523337825294643,0.28425021714341747,176.43700344827613,126.09306000000012,-50.34394344827601,257.3290500000004,340.38566999999955,83.05661999999916,1.4751892464738228,2.717744153957879,1.2425549074840563,0.1396519346197238,0.6542895079152835,0.5146375732955597,9.66555344827586,12.803651907407414,3.1380984591315535
54022,2726.860053448275,2683.906941666667,-42.95311178160773,523.6533637931052,663.584914999999,139.9315512068938,0.193531895201574,0.24700356431238113,0.05347166911080714,509.0980603448278,330.7077166666663,-178.3903436781615,233.47644137931016,309.14457500000015,75.66813362068999,0.46432198992367146,0.9350242772330869,0.47070228730941543,0.5810761911860787,1.0770961640014498,0.49601997281537114,7.483696034482756,10.595885523148183,3.112189488665427
54024,695.078574137928,641.3302483333333,-53.74832580459463,580.8635344827593,749.3494999999996,168.4859655172403,0.8356945669321822,1.1615830252917765,0.32588845835959424,182.91725344827637,128.42418833333357,-54.493065114942794,263.3040448275858,357.2793116666667,93.97526683908086,1.4559458003237036,2.799014374138439,1.3430685738147354,-0.06750481109289938,0.4542286869296722,0.5217334980225716,9.749431542145611,12.999792648148194,3.2503611060025825
54025,1322.3183689655157,1254.6696733333265,-67.64869563218917,533.0367293103451,672.354924999999,139.31819568965386,0.404832307857393,0.5366475408497144,0.13181523299232145,237.56929827586205,157.68806833333355,-79.8812299425285,238.78619482758637,315.53508333333343,76.74888850574706,1.0175819684409244,2.002612606766348,0.9850306383254235,0.6140907120203905,1.0761595929638434,0.462068880943453,8.423967590996181,11.578844587962958,3.1548769969667774
54027,869.4517931034467,823.349301666663,-46.10249143678368,581.7029172413793,763.8838533333362,182.18093609195694,0.6690461854656111,0.9244128256260942,0.25536664016048305,198.09516206896564,137.22406333333373,-60.871098735631904,265.74394310344815,370.88402499999984,105.14008189655169,1.3419037062803232,2.7076257365915413,1.365722030311218,0.16840211660038024,0.680901209700759,0.5124990931003788,9.528802365900388,12.901041249999993,3.3722388840996054
54028,1397.8018913793094,1322.7549383333371,-75.04695304597226,542.0622258620681,685.5928483333325,143.53062247126445,0.3887224276902248,0.516533748485728,0.12781132079550317,264.7282396551725,177.24982000000028,-87.47841965517222,243.31861206896596,321.01422333333403,77.69561126436807,0.92981920217842,1.818127946116197,0.888308743937777,0.5530524679138588,1.0553832223439548,0.502330754430096,8.596268251915717,11.729990620370327,3.1337223684546096
54029,845.4676844827598,767.7402933333326,-77.72739114942715,566.5723327586204,730.0269566666664,163.45462390804596,0.6701390810118169,0.9468917279576489,0.276752646945832,194.04165,136.2375816666668,-57.80406833333319,255.74283965517208,346.87090333333396,91.12806367816188,1.329591102606364,2.559431602679707,1.229840500073343,0.19681721181097178,0.6815017186340455,0.48468450682307374,9.148358888888863,12.389811018518499,3.2414521296296357
54032,882.7135500000005,814.7343833333307,-67.97916666666981,569.5860793103454,729.8391966666663,160.2531173563209,0.6452798490979603,0.8892325259899017,0.24395267689194133,199.95604137931036,139.14900833333337,-60.80703304597699,255.7552362068965,343.53234500000013,87.77710879310362,1.293485036626671,2.4807005068592867,1.1872154702326156,0.2311764622293877,0.7309717706241308,0.49979530839474307,9.354276216475078,12.568890759259238,3.21461454278416
54034,738.4969913793103,674.7860149999967,-63.71097637931359,578.7393258620713,751.1959833333347,172.45665747126338,0.7836777411498965,1.1066751901842469,0.32299744903435035,187.23744310344875,131.40380500000012,-55.833638103448635,262.4857103448275,360.5647500000001,98.07903965517261,1.412036535163305,2.7587521003694486,1.3467155652061436,0.011286314860321906,0.5243344102475931,0.5130480953872711,9.653708371647491,12.938134824074075,3.284426452426583
54036,714.435743103448,667.8890850000026,-46.54665810344534,579.8872379310353,755.6581666666675,175.7709287356322,0.811680002541587,1.126565970183761,0.3148859676421739,171.8700637931039,123.47181500000015,-48.39824879310375,266.1008810344825,366.1020499999998,100.00116896551731,1.548034012781287,2.974723617642847,1.42668960486156,0.037836964038523074,0.4980875095945916,0.4602505455560685,9.774261743295032,13.144838731481439,3.370576988186407
54038,1326.8701568965569,1234.933161666663,-91.93699522989391,539.3302810344813,682.3436516666661,143.01337063218477,0.40690624052369534,0.5518063044953188,0.14490006397162342,248.68262241379347,168.9831216666667,-79.69950074712676,243.13870689655178,320.3824483333329,77.24374143678111,0.9889436477745026,1.9070456816994192,0.9181020339249166,0.5484705119109894,1.047851166998223,0.4993806550872335,8.384717409003809,11.517132050925902,3.132414641922093
54044,749.6530568965507,697.0387099999987,-52.61434689655198,574.5443931034472,735.3303166666657,160.7859235632185,0.7675319346591987,1.0494559951745912,0.28192406051539254,194.03228793103472,136.89052833333326,-57.14175959770145,259.3223224137932,347.73654833333364,88.41422591954046,1.350263609295942,2.546999819525655,1.196736210229713,-0.06459812070975673,0.43930472180572155,0.5039028425154783,9.47574736590035,12.659450060185144,3.1837026942847935
54048,630.1326879310341,584.7085349999985,-45.424152931035565,591.3708844827574,775.8362700000002,184.4653855172428,0.9384937852739477,1.320891865379156,0.38239808010520826,160.54806551724147,118.13988000000019,-42.40818551724128,272.15862068965544,377.071011666667,104.91239097701157,1.6907789645440308,3.1939540945849867,1.503175130040956,-0.07519287669287952,0.3628430302811519,0.4380359069740314,9.856257183908063,13.241056708333343,3.3847995244252793
54049,651.5168913793094,611.0770433333296,-40.43984804597983,590.2817379310336,772.7064499999985,182.42471206896494,0.9060221704776488,1.2589093211692972,0.35288715069164844,168.1258051724141,125.1211950000002,-43.00461017241389,272.5109155172414,375.72454666666704,103.21363114942562,1.6277170094287707,3.007340162073917,1.3796231526451463,-0.08274040313088218,0.36183944263562606,0.4445798457665082,9.810684142720312,13.184379481481475,3.373695338761163
54052,714.2030103448241,666.0185533333323,-48.18445701149176,578.3759724137933,739.5580216666656,161.18204925287228,0.8098432600309897,1.1034358094330334,0.2935925494020437,179.87628793103465,129.37812333333346,-50.49816459770119,260.2485103448279,347.28879499999994,87.04028465517206,1.4591968159631663,2.694982439818176,1.2357856238550098,-0.012750427015072315,0.4880001499305767,0.5007505769456491,9.685835416666697,12.843654319444456,3.157818902777759
54057,816.3918431034483,755.6215816666647,-60.770261436783585,576.4148931034467,743.4318116666677,167.016918563221,0.70606351723456,0.9772883916658257,0.27122487443126575,191.13825344827586,134.49130000000002,-56.64695344827584,260.2739741379311,352.7242166666669,92.45024252873583,1.374577869643534,2.633440465741515,1.258862596097981,0.16121050117028113,0.6522835378731127,0.49107303670283153,9.522095713601505,12.782595351851864,3.2604996382503586
54060,677.6847568965534,626.135668333331,-51.549088563222426,577.0501137931051,739.1295033333345,162.07938954022939,0.8515328140870879,1.1725763219049758,0.32104350781788793,176.81896724137994,125.63114166666682,-51.187825574713116,260.8169,348.718298333333,87.90139833333302,1.4878215533598755,2.7869517215956874,1.2991301682358118,-0.07948022375057351,0.43125451363418443,0.5107347373847579,9.798420454980795,12.986450138888905,3.188029683908111
54063,731.8749103448264,673.8432066666683,-58.031703678158124,571.3504931034477,746.7378449999992,175.38735189655154,0.7806709697925501,1.0989339772205726,0.3182630074280225,185.06057413793155,129.8684266666669,-55.19214747126466,260.6304758620694,358.87931500000036,98.24883913793099,1.4173927378273974,2.778258351700037,1.3608656138726398,-0.02028029712950839,0.49324113185419904,0.5135214289837075,9.551531077586215,12.90505432870372,3.3535232511175046
54080,1715.2652810344803,1657.3901999999925,-57.87508103448772,531.9703931034469,669.1137416666653,137.1433485632184,0.31191805866968597,0.4039038580929377,0.09198579942325175,306.93739655172425,202.0050833333338,-104.93231321839045,238.48184310344817,313.7598883333335,75.27804522988532,0.7866421568305365,1.554155750497653,0.7675135936671166,0.6389681385356673,1.11372985160332,0.4747617130676528,8.388127830459752,11.523102157407404,3.1349743269476527
54095,976.487998275862,905.687901666666,-70.80009660919598,560.7105913793091,712.4860266666674,151.77543528735828,0.5750712566247933,0.7804636890309474,0.20539243240615412,211.0177568965521,145.67831833333338,-65.33943856321872,251.83363620689684,333.88399166666625,82.0503554597694,1.2074087395846762,2.302121739413729,1.0947129998290528,0.3223585462838752,0.8220672914285321,0.49970874514465685,9.227188486590002,12.392157444444425,3.1649689578544233
54096,676.4147999999979,625.1657549999995,-51.24904499999832,587.4774568965513,767.0093766666661,179.53191977011477,0.8685187861163275,1.2197386691443386,0.3512198830280111,174.8916655172415,123.29585333333367,-51.59581218390784,267.1162620689656,369.3384299999994,102.22216793103377,1.5369882634120966,3.0125880124188,1.4755997490067032,-0.038914032176511064,0.476047419874592,0.514961452051103,9.999041465517248,13.325639361111147,3.326597895593899
55002,1288.6050999999977,1222.887199999996,-65.71790000000169,546.3670275862062,696.1166216666671,149.74959408046095,0.42480256595050003,0.5743464331760444,0.14954386722554436,243.8764827586207,165.06277000000009,-78.81371275862062,244.89091379310372,328.62677333333386,83.73585954023014,1.0168671146528117,1.9912944279420834,0.9744273132892718,0.5256469635969716,0.9819700533957472,0.45632308979877556,8.747612844827575,11.94107233333333,3.1934594885057557
55007,1459.7981741379347,1398.4125133333275,-61.38566080460714,538.7430879310346,685.1053466666648,146.36225873563023,0.3701927169082602,0.49158440509851764,0.12139168819025742,271.34851379310385,183.02223000000012,-88.32628379310373,241.1270637931034,322.80465666666726,81.67759287356387,0.8997639970603413,1.7641977720555082,0.8644337749951669,0.5612148418389123,1.0199374395244312,0.4587225976855188,8.458121982758641,11.63175872222223,3.173636739463589
55008,2576.26581724137,2514.4528516666624,-61.812965574707505,528.5239862068968,673.5831700000008,145.059183793104,0.20674854946496113,0.267774608280107,0.06102605881514589,497.02625000000023,320.0414900000003,-176.98475999999994,234.489696551724,312.5705233333331,78.08082678160909,0.47809981419705816,0.9767724574813426,0.4986726432842844,0.5319114516193872,1.035481303042519,0.5035698514231317,7.513313491379311,10.626744254629656,3.1134307632503457
55013,1017.9010689655158,926.7290799999984,-91.17198896551747,556.8350051724135,719.1239616666674,162.28895649425385,0.5470764422274715,0.7842624470120991,0.2371860047846276,207.5662689655174,144.28237666666666,-63.28389229885073,250.90213103448272,342.2075749999999,91.30544396551718,1.2241053516833516,2.3738314096822712,1.1497260579989197,0.3930223165264897,0.8372724784425066,0.4442501619160169,8.715580205938693,11.941190092592578,3.225609886653885
55014,1047.0341879310295,959.2460649999998,-87.78812293102965,552.3263913793103,710.0554649999974,157.72907362068713,0.5276659077159012,0.7474410804874579,0.21977517277155678,213.0334844827588,149.0747533333333,-63.95873114942552,249.38927758620696,337.7217166666668,88.33243908045984,1.185196238431184,2.270696033751589,1.085499795320405,0.40277483139056436,0.8568558418946102,0.4540810105040458,8.700198481800774,11.923260250000006,3.2230617681992317
55016,1129.2027362068964,1051.356316666665,-77.84641954023141,543.0628465517254,691.9989483333334,148.93610178160793,0.4818653403213087,0.6655248578939692,0.18365951757266052,218.76456379310304,150.88536999999997,-67.87919379310307,243.81918793103426,326.74702999999965,82.92784206896539,1.1283708008109223,2.168811441022773,1.0404406402118505,0.4924152958567718,0.9442473492354252,0.4518320533786534,8.5440370019157,11.734725828703732,3.1906888267880316
55018,737.5882293103438,675.1971183333351,-62.39111097700868,585.2793741379298,767.9236566666654,182.64428252873552,0.7935071826704196,1.1328669449662159,0.33935976229579623,176.09470000000027,122.70876333333356,-53.38593666666671,264.3564431034483,367.28278833333326,102.92634522988493,1.5029662796955172,3.002590948965822,1.4996246692703048,0.09214884224340626,0.5934788670111921,0.5013300247677859,9.658194276819913,12.956472939814804,3.298278662994891
55021,923.6643137930987,844.9507783333324,-78.71353545976626,563.3678189655162,726.712956666667,163.34513770115075,0.6099337731649026,0.8650336907496727,0.25509991758477013,196.89412068965532,137.76072499999998,-59.133395689655345,254.09152413793103,345.5630766666668,91.47155252873577,1.3067718202704999,2.5150726853794754,1.2083008651089755,0.3271093177311236,0.7935032525111021,0.4663939347799785,9.084246709770113,12.320289773148136,3.2360430633780233
55023,1059.4388448275845,991.0820233333317,-68.35682149425281,562.7113500000017,723.3618966666645,160.65054666666276,0.5311447766050117,0.7376828027484255,0.20653802614341377,212.34928103448283,144.51110166666695,-67.83817936781588,252.49512758620642,342.3635333333329,89.86840574712647,1.201820181335072,2.3706870674376885,1.1688668861026166,0.43187061992246706,0.8968631711351581,0.46499255121269106,9.171382174329516,12.405459930555526,3.234077756226011
55025,1027.4242103448273,929.8964066666658,-97.52780367816149,550.6535827586215,699.8202466666656,149.16666390804414,0.5359575367444452,0.7615430289767122,0.22558549223226698,195.9720637931036,130.77825500000023,-65.19380879310336,248.20948620689649,332.59961333333376,84.39012712643728,1.2824455076247467,2.543730461692355,1.2612849540676083,0.5022828542625069,0.9350019329387145,0.4327190786762076,9.13654372605364,12.374458259259256,3.2379145332056165
55026,1717.1977844827534,1654.7006066666645,-62.49717781608888,530.5387775862052,671.2543949999985,140.7156174137932,0.3106230583354921,0.4059775934852139,0.09535453514972181,313.43792068965536,206.39361166666686,-107.0443090229885,237.4301448275865,315.096653333334,77.66650850574752,0.7671302508753953,1.5272323672715151,0.7601021163961198,0.599221593288676,1.074301467913811,0.475079874625135,8.164099851532596,11.315522055555544,3.151422204022948
55029,1019.3834344827569,916.6871066666666,-102.69632781609027,565.4094344827581,728.3861950000042,162.97676051724613,0.554658010617732,0.8038262239581591,0.24916821334042705,203.92603103448312,136.9699783333337,-66.95605270114942,255.44822586206897,347.6593783333327,92.21115247126374,1.2647939496468728,2.5395914051807544,1.2747974555338817,0.40393103138114483,0.8705158911653859,0.466584859784241,9.187544272030662,12.447321439814822,3.2597771677841596
55032,1906.021782758621,1858.9716466666637,-47.050136091957256,525.545156896553,668.5214166666667,142.97625977011376,0.2770803987569749,0.35994564839230564,0.08286524963533076,347.08505000000014,229.65248333333346,-117.43256666666667,234.29528103448277,313.3747816666666,79.07950063218382,0.6832237100989738,1.3646172256972746,0.6813935155983009,0.594280176855305,1.0636419252115585,0.46936174835625355,7.821636604406148,10.972547564814809,3.1509109604086607
56001,1453.3341448275867,1378.8273916666644,-74.50675316092224,547.6434620689671,700.9437699999994,153.3003079310323,0.3768189363698705,0.5153238116933665,0.13850487532349598,267.1458534482762,173.82419166666702,-93.32166178160921,245.47361206896554,332.6928250000004,87.21921293103489,0.9273143214068429,1.9141099584360872,0.9867956370292443,0.571001719927202,1.037075717066688,0.46607399713948605,8.739390229885089,11.978833194444427,3.2394429645593377
56002,1538.8332120689654,1496.380569999993,-42.45264206897241,547.968070689654,711.5032749999996,163.53520431034553,0.35673683893438135,0.47935147268114986,0.12261463374676851,288.91028793103465,176.51267500000046,-112.39761293103419,245.76075689655204,339.5043449999997,93.74358810344768,0.8528967679213812,1.9233960357591897,1.0704992678378085,0.5291511343898643,1.0831977239519772,0.554046589562113,8.762395330459773,12.08402527777778,3.321629947318007
56007,2171.129439655169,2124.199985000003,-46.929454655165955,524.0675224137922,662.134241666666,138.06671925287378,0.24199197660746918,0.3155952486779921,0.07360327207052292,393.18559827586245,253.80733833333318,-139.37825994252927,237.75446206896584,315.9573100000006,78.20284793103474,0.6106547235704878,1.245803693390655,0.6351489698201673,0.616585838700013,1.0914527446241995,0.47486690592418646,8.354728864942565,11.579044018518523,3.224315153575958
56012,1254.4824620689665,1138.757531666668,-115.72493040229847,544.6033551724161,707.0927183333342,162.48936316091817,0.4341257789995984,0.6297615414325233,0.19563576243292485,241.50385689655187,157.5392033333337,-83.96465356321818,245.01407068965506,337.9474733333333,92.93340264367822,1.023544882381777,2.1451597952967743,1.1216149129149973,0.46571110943995775,0.9400965587291549,0.4743854492891971,8.025212394635997,11.292891652777788,3.2676792581417917
56013,1354.9297879310316,1277.007074999995,-77.92271293103659,544.8750155172407,697.5678016666676,152.69278614942687,0.4028147446401971,0.5530735034617993,0.15025875882160217,255.74582413793087,171.88329333333394,-83.86253080459693,243.3737465517243,329.75805166666714,86.38430511494283,0.9621186066999536,1.918510649444653,0.9563920427446995,0.5354890059283286,0.9752313737036321,0.4397423677753035,8.50300065613026,11.692277083333316,3.1892764272030565
57004,1983.4165293103429,2021.2246166666673,37.80808735632445,542.1980206896535,692.6917666666685,150.493745977015,0.27474083070129973,0.3448998208819938,0.07015899018069405,358.9632275862071,226.36482499999994,-132.59840258620716,243.3206827586206,329.55872833333365,86.23804557471306,0.6795407908913605,1.4567045920884207,0.7771638011970602,0.6115729054780314,1.1430188666160652,0.5314459611380338,9.066301613984662,12.350855337962944,3.2845537239782825
57005,1992.6455275862031,2005.7398366666628,13.094309080459652,542.0558793103444,696.8310466666662,154.77516735632184,0.27321183299112595,0.3496817451364365,0.07646991214531057,371.3624724137927,234.3064333333338,-137.0560390804589,242.99514482758616,331.4941316666667,88.49898683908054,0.6560856043498338,1.415538457723482,0.7594528533736482,0.563473257309471,1.0916519139209278,0.5281786566114568,8.762834980842907,12.049351398148147,3.28651641730524
57006,2411.273253448271,2477.734886666666,66.46163321839504,540.6346551724156,695.923409999999,155.28875482758338,0.22546571356702205,0.28249096864529016,0.05702525507826811,459.39334137931064,294.15047999999956,-165.24286137931108,242.13334482758634,330.6247633333336,88.49141850574725,0.527125442555717,1.1244025190509448,0.5972770764952278,0.5294546174660271,1.0734631293966221,0.5440085119305951,8.738603778735655,12.01415405092591,3.275550272190255
57007,1819.2916637931016,1789.7553566666709,-29.536307126430756,538.5320362068975,692.9412999999995,154.409263793102,0.2969363159678977,0.390705665674563,0.09376934970666528,336.7129327586208,211.16271000000023,-125.55022275862058,241.59865000000002,329.85327833333304,88.25462833333302,0.7218657867450289,1.5632862756378572,0.8414204888928283,0.5745648138315439,1.0882369662994245,0.5136721524678806,8.456505191570866,11.745513518518543,3.289008326947677
57008,1507.7960793103407,1489.7732749999966,-18.0228043103441,561.2178689655166,730.9659783333336,169.74810936781705,0.37304696834203055,0.49390924245320356,0.12086227411117301,289.83174655172405,178.70346166666707,-111.12828488505698,251.4250896551726,348.69405833333315,97.26896867816055,0.8679561731810017,1.951203800028763,1.0832476268477613,0.5006740475702298,1.0679192756976912,0.5672452281274614,9.325372777777766,12.64899420370366,3.3236214259258947
57009,1451.6730982758668,1445.8655633333278,-5.80753494253895,576.1906189655176,746.7489133333339,170.5582943678163,0.39821924020663596,0.5198723776257248,0.12165313741908884,307.0625413793106,199.48962333333367,-107.5729180459769,255.59889827586198,352.0943383333332,96.49544005747123,0.8337082170562325,1.764978899949896,0.9312706828936635,0.33457627113975097,0.9009494858782693,0.5663732147385183,10.121103548850561,13.402767356481473,3.2816638076309115
58001,1844.331265517238,1885.307198333331,40.975932816092836,556.8096586206898,717.2278433333328,160.41818471264298,0.3035647181221137,0.38190785930998733,0.07834314118787361,393.55703965517307,268.44790000000023,-125.10913965517284,246.618856896552,336.2314399999999,89.61258310344792,0.6269431656563034,1.252450884355571,0.6255077186992677,0.33059796506591965,0.8479014973743795,0.5173035323084598,9.455312729885083,12.700645856481481,3.245333126596398
58002,2052.141787931036,2072.3098783333326,20.168090402296457,540.2898293103444,690.0231683333338,149.7333390229894,0.2644875077842622,0.33542651726680656,0.07093900948254434,397.43214310344854,256.3726683333334,-141.05947477011512,240.74519310344826,326.0857816666666,85.34058856321835,0.6094785175789912,1.2722800528925935,0.6628015353136023,0.5114799026182647,1.027381182313381,0.5159012796951162,8.769566417624535,12.007453421296283,3.237887003671748
58006,2051.538425862063,2044.0453416666626,-7.493084195400343,534.4800086206911,685.9495366666661,151.46952804597493,0.26145125197337915,0.3394719246578135,0.07802067268443436,389.0605206896555,248.86767333333358,-140.19284735632192,239.11930862068954,325.3176366666668,86.19832804597723,0.6193020657202973,1.3081083344292406,0.6888062687089432,0.5506078506266072,1.061048861155206,0.5104410105285988,8.252918611111095,11.502397907407406,3.249479296296311
58008,1896.6586689655164,1940.3915733333242,43.732904367807805,545.968203448276,694.1380149999998,148.1698115517238,0.28942552073103506,0.3602556287197377,0.07083010798870265,387.8908344827577,253.69624333333385,-134.19459114942387,241.36165689655166,325.2018016666666,83.84014477011493,0.6242263679695539,1.2818246663286537,0.6575982983590998,0.41399397906694196,0.9352058468076112,0.5212118677406692,9.295378357279679,12.502256236111148,3.2068778788314685
58009,1386.6534327586205,1404.5660566666606,17.912623908040132,577.935786206894,748.1003249999981,170.16453879310404,0.41868496902299734,0.5328592766074772,0.11417430758447988,302.52303965517245,207.79904500000038,-94.72399465517208,254.8053137931035,349.4362483333337,94.63093454023021,0.8435903449095984,1.6815131094845976,0.8379227645749993,0.280043843202714,0.8047250604285751,0.524681217225861,10.218263050766286,13.473646995370387,3.2553839446041017
58010,2140.906006896552,2123.5376766666645,-17.368330229887306,535.3363310344822,693.191275000001,157.85494396551883,0.2508303558451807,0.33088445796881377,0.08005410212363306,406.594013793104,260.63217666666725,-145.96183712643676,239.31110517241362,329.1057850000005,89.79467982758686,0.5933662268956813,1.26362249639904,0.6702562695033586,0.5495294281819099,1.0539832029514222,0.5044537747695124,7.855660972222174,11.111687638888878,3.2560266666667035
58012,2131.86076034482,2193.781698333324,61.92093798850419,539.81309310345,692.7878816666675,152.97478856321754,0.2547930211416569,0.3178267613132131,0.06303374017155616,440.8507431034483,293.5045100000004,-147.3462331034479,237.329598275862,322.3967833333336,85.06718505747159,0.538345026765041,1.098400168501913,0.5600551417368719,0.38802846465920754,0.9134342862160185,0.5254058215568109,8.87551595785443,12.101719976851822,3.2262040189973913
59001,1961.4198482758625,1997.0028433333296,35.58299505746709,544.8827068965525,694.8011700000011,149.91846310344863,0.2790017839853661,0.35003261823316467,0.07103083424779855,394.38653448275886,258.19952666666717,-136.1870078160917,241.1536913793102,325.904065,84.7503736206898,0.6142324995423855,1.2621732215072852,0.6479407219648997,0.44342409890654405,0.955103275590597,0.5116791766840529,8.987088869731796,12.179190708333332,3.192101838601536
60002,1612.812184482757,1614.6813749999978,1.8691905172408951,547.9583017241391,692.6322633333347,144.67396160919554,0.3404688187162751,0.43049699998198204,0.09002818126570694,319.56682586206875,216.194186666667,-103.37263919540175,240.79505862068973,319.64142666666663,78.8463680459769,0.7567727619135488,1.4787719397468542,0.7219991778333054,0.4490805764124726,0.9238957077212462,0.47481513130877356,9.258350617816106,12.346175912036992,3.0878252942208864
60003,1459.1514689655123,1469.5616066666632,10.410137701150916,561.9352500000007,713.1961216666645,151.26087166666377,0.38657391589480516,0.4892554676410171,0.10268155174621196,291.27056034482746,193.71365000000043,-97.55691034482703,240.96671034482742,318.15216166666664,77.18545132183922,0.8281513770398157,1.6425685657157776,0.8144171886759619,0.4184509114877605,0.9391506015892798,0.5206996901015193,10.005865397509572,13.039837162037037,3.0339717645274646
60005,1526.8282827586254,1495.7316516666615,-31.0966310919639,542.0322189655176,685.0158783333343,142.9836593678167,0.3559632719529092,0.46163441238151787,0.10567114042860865,288.6317672413795,191.71604000000005,-96.91572724137947,239.94381206896546,319.662431666666,79.71861959770055,0.8375092778100975,1.667352727159265,0.8298434493491674,0.5235665125465304,0.9850390130167417,0.46147250047021127,9.102698898467429,12.246320606481518,3.1436217080140896
60006,1665.6295396551714,1678.3977749999963,12.768235344824916,555.1538931034486,705.946691666665,150.79279856321637,0.3339774262761548,0.42143646646566224,0.08745904018950745,335.58700172413774,224.09535,-111.49165172413774,240.38620517241378,319.847098333334,79.4608931609202,0.7171574643105729,1.4272682789334943,0.7101108146229214,0.4268648815877024,0.9320513458423151,0.5051864642546127,9.571484832375521,12.63633593518519,3.064851102809669
60010,1593.9569482758563,1593.5779033333324,-0.37904494252393306,547.4567637931034,691.9052716666646,144.4485078735612,0.3443261427396997,0.4355356249930247,0.09120948225332498,310.9140965517242,207.71379000000024,-103.20030655172394,241.45129999999983,321.35627999999974,79.90497999999991,0.7806912534714292,1.5472109339774403,0.766519680506011,0.474694406981855,0.9516058530813305,0.4769114460994755,9.242129166666668,12.359224106481491,3.117094939814823
60012,1580.2277758620658,1564.0723933333284,-16.15538252873739,536.1248379310347,676.6423683333345,140.51753040229983,0.3401349748589,0.4326056729641594,0.09247069810525943,303.1963431034483,207.2960466666672,-95.90029643678113,237.35158793103477,314.1187550000002,76.76716706896542,0.7869650655225899,1.5155194267420913,0.7285543612195013,0.4823775972633473,0.9314928533648503,0.44911525610150305,8.758205756704974,11.85053201388887,3.0923262571838954
61001,1281.5363448275832,1269.9915933333336,-11.544751494249567,563.7186551724146,714.5844816666665,150.8658264942519,0.44118798718595487,0.5663393517802744,0.12515136459431953,257.1501275862073,172.08390500000036,-85.06622258620695,237.08388103448252,308.9613716666671,71.87749063218459,0.9235523203771498,1.7866650868385665,0.8631127664614167,0.3841398639713577,0.9163829763567455,0.5322431123853878,10.14780041187737,13.129809134259293,2.9820087223819236
61002,1465.8854499999989,1457.2934183333398,-8.592031666659068,558.9039344827579,707.688955000001,148.78502051724308,0.3828031252105887,0.49068038334121095,0.10787725813062227,296.0280689655182,195.509636666667,-100.51843229885117,238.35543965517235,311.99181666666664,73.63637701149429,0.8062330578290702,1.594187469890489,0.7879544120614188,0.3913894032652384,0.9248964010576272,0.5335069977923887,9.880745981800768,12.884588412037036,3.0038424302362685
62001,1410.1934448275856,1386.3545749999948,-23.83886982759077,550.2422827586203,692.5898833333337,142.3476005747134,0.39154206931404134,0.49886544432173974,0.1073233750076984,278.3267172413798,191.47740333333303,-86.84931390804678,239.76266724137903,313.5999833333327,73.83731609195368,0.8669131392112147,1.6378481739645205,0.7709350347533058,0.4346093772031572,0.8957197300634101,0.4611103528602529,9.384790608237562,12.431077740740722,3.04628713250316
63001,1524.558674137927,1487.3899099999971,-37.168764137929884,536.3566189655176,670.667913333335,134.31129436781748,0.3543885924020591,0.4507880121778289,0.09639941977576977,311.25756034482725,207.95534000000032,-103.30222034482694,236.76142931034477,308.1138083333334,71.35237902298863,0.7708084679384479,1.4824976037386208,0.7116891358001729,0.39951018089119883,0.8821169133140498,0.482606732422851,8.93598476053642,12.024592189814818,3.0886074292783974
63004,2105.2107034482715,2054.6205433333253,-50.59016011494623,522.0782999999992,659.5269083333335,137.44860833333428,0.24980524524882408,0.32122201969164155,0.07141677444281747,404.1066310344827,261.7578366666669,-142.3487943678158,231.21375689655167,306.2243216666661,75.01056477011446,0.5796576730613459,1.1699944695033477,0.5903367964420019,0.5222629554971717,1.0181983118723945,0.4959353563752228,7.800851537356342,10.934673462962916,3.133821925606574
64001,1917.1343724137878,1909.9650083333258,-7.169364080461946,529.574077586208,662.7912100000008,133.2171324137928,0.27816913048118813,0.3455835012805252,0.06741437079933704,370.501813793103,242.5655750000005,-127.93623879310249,235.95169999999985,307.4844533333328,71.53275333333295,0.6442881159604394,1.2685525916202556,0.6242644756598161,0.5247031990248393,1.034005050086777,0.5093018510619377,8.716800890804612,11.815934500000026,3.0991336091954143
64002,2164.8366913793125,2202.0201816666677,37.1834902873552,527.5272896551734,662.2239266666652,134.69663701149182,0.2457145574188027,0.2985758110046182,0.05286125358581553,441.5988051724139,299.48241666666627,-142.11638850574764,231.58964310344834,299.80730499999976,68.21766189655142,0.5303924238849569,1.002278540741132,0.4718861168561752,0.39548574663488917,0.8900389707892207,0.4945532241543315,8.545116053639862,11.595513000000002,3.0503969463601397
64006,1553.59129655172,1524.3852983333265,-29.20599821839346,535.1117034482756,667.345356666667,132.2336532183914,0.3475932876956259,0.43501176133746305,0.08741847364183714,347.55848965517225,235.10411666666695,-112.4543729885053,234.86826724137933,302.2826149999999,67.41434775862058,0.6840860590312543,1.2877146738533698,0.6036286148221155,0.2485988580588595,0.7531268364529919,0.5045279783941324,8.894724655172407,11.947314032407428,3.052589377235021
65001,2861.253648275855,2968.9404833333274,107.68683505747231,514.8892344827584,634.9871550000022,120.09792051724378,0.18127601729918882,0.21290834906083062,0.03163233176164179,572.7994068965518,393.83492666666626,-178.9644802298855,226.96984482758643,289.6928483333329,62.723003505746476,0.3995429421685921,0.7361434185917742,0.33660047642318214,0.41753359372708365,0.9049559291572727,0.4874223354301891,8.259738390804593,11.267471652777765,3.007733261973172
65004,2125.9049137931,2221.66820333333,95.76328954022983,515.7986534482757,632.1133150000016,116.31466155172598,0.2444463604458531,0.28301311322763434,0.03856675278178123,417.9294793103445,287.1616033333337,-130.76787597701082,226.08230862068993,285.17929166666687,59.09698304597694,0.5455592960853606,0.9942215699292194,0.4486622738438588,0.4097427837042257,0.8925015735034382,0.4827587897992125,8.531751666666668,11.508362074074046,2.976610407407378
65005,1427.2313844827622,1493.268645,66.03726051723788,548.0159068965501,684.1928016666654,136.17689477011538,0.38669867801779195,0.45363488029651444,0.06693620227872249,295.1935224137932,210.443376666667,-84.75014574712617,236.0647120689652,301.170256666667,65.1055445977018,0.8078336050516757,1.4337267226785246,0.625893117626849,0.3181458274411765,0.8171388428969303,0.4989930154557538,9.304839334291188,12.257915370370426,2.9530760360792385
65006,2282.2730689655186,2348.5495299999984,66.27646103447978,512.8508241379309,626.3587900000011,113.50796586207025,0.22631848079192451,0.265187619655317,0.038869138863392494,443.8611862068963,303.9658383333337,-139.89534787356263,223.93833793103443,281.4182883333333,57.47995040229887,0.5085237334196012,0.9238302072980815,0.4153064738784803,0.43132049529135985,0.9123826365432961,0.48106214125193625,8.279955761494277,11.248299087962966,2.9683433264686894
65007,1995.7251344827562,2099.569036666664,103.84390218390786,526.9314103448264,656.5880533333329,129.65664298850652,0.26598601355450413,0.31109682632147073,0.0451108127669666,421.18782241379336,291.5752466666671,-129.61257574712624,230.0369206896552,296.641398333333,66.60447764367777,0.5515939138355255,1.0184172751752454,0.4668233613397199,0.3229946255571845,0.8217105693961428,0.49871594383895834,8.705230239463603,11.699372689814822,2.9941424503512195
65008,3656.216281034488,3820.570598333329,164.35431729884112,495.4555586206882,609.6546883333317,114.19912971264353,0.13651252229060384,0.15878906627545797,0.022276543984854125,721.1207499999996,495.2446583333334,-225.87609166666618,213.56898448275862,270.4403433333332,56.87135885057458,0.2985856880115875,0.5454520932150062,0.24686640520341868,0.4439416353436455,0.9321681893561002,0.48822655401245474,7.075892710727953,10.069197731481502,2.9933050207535494
66001,952.5487017241348,875.4564349999995,-77.09226672413536,546.7515344827584,677.9680850000033,131.21655051724485,0.5758563219404629,0.7749939118292757,0.1991375898888128,201.7892206896554,150.40995500000025,-51.37926568965514,244.3840310344831,310.624646666667,66.2406156321839,1.2237430629927275,2.059201800178237,0.8354587371855093,0.293272696094113,0.7014797491399638,0.4082070530458508,8.963952480842941,12.001644356481485,3.0376918756385436
66004,871.8582844827579,819.7837033333326,-52.074581149425285,557.4303448275869,694.435416666668,137.0050718390811,0.6412290310625948,0.8405508310673655,0.19932180000477073,208.14082931034545,158.9968166666667,-49.144012643678764,246.34982241379302,313.2703866666669,66.9205642528739,1.1959378570743762,1.9620772629576506,0.7661394058832744,0.044073702775731166,0.43540754639147716,0.39133384361574597,8.907177270114953,11.901621921296309,2.9944446511813556
66006,1216.9275862068953,1149.358096666664,-67.56948954023119,540.1466637931032,668.8066650000017,128.66000120689841,0.446224598595214,0.5823989939464125,0.13617439535119846,231.97059137931038,173.3993516666667,-58.57123971264369,239.757172413793,303.7413699999999,63.9841975862069,1.0444660424199208,1.7394220977450305,0.6949560553251097,0.4699496871647737,0.8512943862641371,0.3813446990993634,8.505656326628344,11.496659814814823,2.991003488186479
66011,2202.7685724137873,2213.1967250000025,10.42815258621522,519.7424620689665,641.4279083333314,121.68544626436494,0.23749411687838107,0.2880675941250502,0.05057347724666911,397.0200672413792,273.4096116666668,-123.61045557471238,231.84444655172433,295.30124333333373,63.4567967816094,0.590011739002026,1.079826972034494,0.489815233032468,0.586614706348904,1.0431067218547092,0.4564920155058052,8.224586412835228,11.268375120370337,3.043788707535109
67001,1994.5533551724125,2008.342489999998,13.789134827585485,519.0577499999984,648.9910933333313,129.9333433333329,0.26177630755163295,0.3213895350428019,0.05961322749116893,346.99472586206934,226.60548833333334,-120.389237528736,232.19961724137937,302.2134633333334,70.01384609195401,0.6768206009026148,1.334640206538041,0.6578196056354262,0.6555712168316394,1.1435905511732645,0.48801933434162503,8.048038807471269,11.15423324074076,3.1061944332694917
67005,1263.021534482759,1161.7116133333336,-101.30992114942546,537.7029000000005,681.0952933333333,143.39239333333285,0.42575194140405936,0.5882366644829592,0.16248472307889983,242.24363448275858,169.23853500000035,-73.00509948275823,242.07831724137912,318.79729333333285,76.71897609195372,1.0104780386290588,1.8943573004288101,0.8838792617997513,0.47219922963798533,0.9574706976853489,0.48527146804736354,8.006791508620696,11.123390782407416,3.1165992737867203
67006,1376.4500189655178,1306.573793333332,-69.87622563218565,530.55959137931,662.1313483333302,131.5717569540202,0.38711841833168403,0.5092598951934394,0.12214147686175536,252.46409482758582,176.43785333333358,-76.02624149425225,236.93558448275826,304.86127500000066,67.9256905172424,0.9489435018315973,1.7298128322139434,0.7808693303823462,0.5505970161735221,0.9965805214787848,0.44598350530526276,8.117068141762447,11.194458041666689,3.077389899904242
67008,934.4077620689641,858.1040283333346,-76.30373373562952,554.4349465517237,693.9650516666663,139.53010511494267,0.5933687661223455,0.808882683194069,0.21551391707172352,211.02404137931046,157.18133333333344,-53.84270804597702,247.37556896551706,317.59917333333374,70.22360436781668,1.1848457273454085,2.0213467565840144,0.8365010292386059,0.15587921672883648,0.5850581002463804,0.4291788835175439,8.796896575670509,11.852953037037029,3.05605646136652
67010,2178.280979310341,2215.354868333332,37.0738890229909,515.0208051724136,641.9808299999988,126.96002482758524,0.23809223524346174,0.2881101113482907,0.05001787610482894,379.6943810344825,249.99743666666717,-129.69694436781532,229.16564999999997,296.5017650000001,67.33611500000012,0.6097797722110909,1.1864490163195303,0.5766692441084393,0.6546986285956349,1.137760933046144,0.48306230445050913,7.709486163793121,10.795162148148144,3.0856759843550225
67015,1448.38199482759,1392.4424966666652,-55.93949816092481,531.0377655172427,665.4290466666671,134.39128114942434,0.3678950443230462,0.4759115567996889,0.10801651247664268,264.9762517241379,180.06256333333317,-84.91368839080474,237.97560862068963,309.2012799999991,71.22567137930946,0.9081682304747258,1.7209238177957284,0.8127555873210026,0.5626211725968728,1.0425418298106957,0.4799206572138228,8.24047584291189,11.344482870370388,3.1040070274584988
67018,2159.892065517235,2228.736706666662,68.84464114942693,521.626070689655,654.72317833333,133.09710764367503,0.24318743651749886,0.2922503802502478,0.04906294373274894,385.0662137931033,247.46456500000033,-137.60164879310298,232.82445344827613,304.7301983333333,71.90574488505717,0.6108980908219674,1.2317115405883796,0.6208134497664122,0.6196491403966671,1.1274296872882417,0.5077805468915746,8.05217833812263,11.1539114074074,3.1017330692847693
67025,871.7695120689643,799.644201666666,-72.12531040229828,562.0667431034475,706.3592100000018,144.2924668965543,0.6447557588706887,0.8799293284006646,0.23517356952997592,192.63677931034488,141.18642333333344,-51.45035597701144,252.11308965517202,326.8935166666666,74.78042701149457,1.323372236626885,2.3217446505766373,0.9983724139497523,0.21005384643304487,0.6750626772573141,0.4650088308242692,9.247611369731779,12.33407178703704,3.086460417305261
67033,1156.6285706896529,1096.516896666667,-60.11167402298588,545.8148224137942,684.8586816666669,139.04385925287272,0.4727788280996832,0.6225162404802018,0.14973741238051863,229.06447931034515,160.37969000000038,-68.68478931034477,244.86831379310354,317.7586933333338,72.89037954023024,1.080774653911078,1.9859125191369484,0.9051378652258704,0.42790829947033315,0.9030200223316802,0.47511172286134706,8.789363558429105,11.885689787037084,3.0963262286079782
68001,720.2506689655158,680.5373716666672,-39.7132972988486,574.4047948275844,728.0032949999959,153.5985001724115,0.7983992167145455,1.0636171684868,0.2652179517722546,182.74957586206926,132.70596,-50.04361586206926,259.09441206896565,341.878303333333,82.78389126436736,1.4332716154876495,2.5833611228080344,1.150089507320385,-0.03386709844766608,0.4407141774930795,0.4745812759407456,9.705989918582336,12.849973486111143,3.1439835675288066
68003,827.4087637931008,794.6270549999988,-32.781708793101984,561.0999948275868,707.7613583333314,146.6613635057446,0.6802374583376278,0.8921615633183049,0.21192410498067704,206.38727413793097,148.7841933333334,-57.60308080459757,254.94178448275878,336.41012666666666,81.46834218390788,1.2497829860324088,2.2621533262487556,1.0123703402163469,0.027941903876416117,0.49742480083996143,0.46948289696354534,9.278153457854405,12.454436203703715,3.17628274584931
68004,723.1769155172435,686.5219783333355,-36.65493718390803,568.4871603448278,718.0053050000008,149.51814465517305,0.7883258222169818,1.0398671535733728,0.251541331356391,184.80176724137948,134.02841500000036,-50.773352241379115,257.4126379310346,338.75759000000016,81.34495206896554,1.4076884127415283,2.5316374809125053,1.123949068170977,-0.03850912610196988,0.4313912756727968,0.46990040177476666,9.677350574712662,12.844112712962932,3.16676213825027
68005,709.9401499999994,666.3223416666672,-43.61780833333228,577.9408741379294,735.670528333334,157.72965419540458,0.8140970050132141,1.0976489514396623,0.2835519464264482,179.1006862068967,130.28961833333344,-48.811067873563275,259.78286206896587,344.52997500000004,84.74711293103417,1.4665149507657589,2.6544680142979304,1.1879530635321716,-0.027468134783810126,0.4529987399681189,0.480466874751929,9.678211599616855,12.819832958333317,3.1416213587164616
68020,711.3179189655148,675.5431199999997,-35.77479896551506,574.4110344827603,721.3956433333346,146.98460885057432,0.807571137531249,1.060563935911023,0.25299279837977406,179.85881896551774,132.36214500000014,-47.4966739655176,257.43528620689654,334.03582500000005,76.60053879310351,1.4469066175740803,2.530159220254559,1.0832526026804785,-0.0407448941074703,0.4232620236393129,0.4640069177467832,9.83294026819922,12.922181574074054,3.0892413058748343
69002,1269.3395534482725,1259.1438816666623,-10.195671781610145,547.3682689655197,690.4821416666667,143.113872701147,0.43369166205318815,0.5454776355235849,0.1117859734703967,286.07329655172373,196.90546500000016,-89.16783155172357,247.68786551724114,327.5503900000003,79.86252448275914,0.8765686457831083,1.6637985019948576,0.7872298562117492,0.25733326680508706,0.776956598439649,0.519623331634562,8.682544578544036,11.878438226851848,3.1958936483078126
69007,1118.0061155172382,1080.1886450000015,-37.81747051723664,541.8978379310356,681.7499633333358,139.8521254023002,0.487417077129513,0.6331819106965314,0.14576483356701841,260.7580948275862,181.76799500000016,-78.99009982758605,246.94722931034508,327.5140866666668,80.56685735632172,0.9583885136184589,1.802573773269224,0.8441852596507651,0.1835180187927056,0.67863741436,0.49511939556729445,8.548508697317999,11.775011689814821,3.2265029924968225
69012,931.4305362068978,902.8872316666666,-28.543304540231247,548.6502568965534,688.632953333336,139.9826964367826,0.5917937145168863,0.7661464038155523,0.17435268929866599,230.3083775862072,166.4640950000002,-63.84428258620699,250.19544482758621,330.0594683333334,79.86402350574721,1.0997410108210242,1.9839664276792262,0.884225416858202,0.05396919558468158,0.5195443387125225,0.4655751431278409,8.951000771072792,12.14620906944442,3.195208298371629
69015,1312.544222413791,1253.9036266666644,-58.640595747126554,534.8827258620697,674.019403333333,139.13667747126328,0.40980595484335314,0.5402770189316113,0.13047106408825815,296.2791775862071,203.1300816666668,-93.14909591954029,244.2745379310342,325.2966549999995,81.02211706896529,0.8341855205461552,1.6016276167131913,0.7674420961670361,0.24785519835682468,0.7490071427324476,0.5011519443756229,7.9302465181992154,11.169577884259276,3.2393313660600604
69017,1141.4430120689685,1100.9890083333353,-40.45400373563325,535.0970034482739,673.0994149999975,138.00241155172364,0.4715125636612837,0.6151106993389568,0.1435981356776731,262.9276568965522,183.27900666666704,-79.64865022988516,245.02891896551728,325.65740500000027,80.62848603448299,0.9433408628102304,1.7775119515838038,0.8341710887735734,0.1985601645574851,0.6895546015662642,0.49099443700877915,8.200863156130268,11.432939314814815,3.2320761586845475
69023,1234.9194965517215,1215.5771216666667,-19.342374885054824,543.0455068965509,686.8154249999991,143.76991810344816,0.4421070455062921,0.5629209592949354,0.12081391378864326,277.84569999999974,190.17327333333353,-87.67242666666621,246.95948275862088,328.329755,81.3702722413791,0.9000484710847778,1.7270691374007994,0.8270206663160216,0.2718201577955447,0.8046821266141663,0.5328619688186216,8.649515589080437,11.876557902777787,3.22704231369735
69027,1202.6183879310342,1161.5510683333314,-41.06731959770286,541.7081275862074,683.5076050000011,141.79947741379374,0.45308610086485396,0.5895680513758702,0.13648195051101625,279.3560379310346,192.6177233333334,-86.73831459770122,246.19364137931007,327.82771999999943,81.63407862068937,0.891687631120707,1.7022579054556792,0.8105702743349722,0.2003103135340379,0.7152233146608409,0.514913001126803,8.408325613026816,11.642500759259299,3.2341751462324826
69030,905.649525862068,881.5212333333309,-24.12829252873712,573.5004586206887,715.0909549999998,141.59049637931105,0.6366282501610975,0.8023363663251818,0.16570811616408432,218.0533499999999,150.18414833333355,-67.86920166666636,255.88245862068953,330.1309299999997,74.24847137931016,1.186920786410449,2.1989928198531747,1.0120720334427258,0.06862585473230855,0.5928422684552953,0.5242164137229868,9.727980603448259,12.82013240277776,3.0921517993295016
69032,868.6724137930998,844.4760349999991,-24.196378793100735,574.145479310343,715.9172299999991,141.77175068965607,0.6643705939029367,0.835758393724467,0.1713877998215303,212.1643827586209,147.6329116666668,-64.53147109195407,254.91659137931055,326.77914,71.86254862068944,1.2140899819294884,2.2066552728508366,0.9925652909213483,0.03393021165732028,0.5281710756862643,0.494240864028944,9.83557098659005,12.91517575462961,3.0796047680395606
69043,1037.074337931036,1026.110396666665,-10.963941264370987,550.5331051724137,695.6579683333343,145.12486316092065,0.5334903928427137,0.6748513684572183,0.14136097561450456,245.45212931034519,171.0208750000001,-74.43125431034508,249.63443448275862,331.3253016666665,81.6908671839079,1.0292078398567774,1.9402964372977953,0.9110885974410179,0.17618077033023172,0.7001312193884139,0.5239504490581822,9.257642619731811,12.494386703703691,3.23674408397188
70002,1030.804305172414,1022.879451666666,-7.924853505747933,566.9522862068961,707.0012400000007,140.0489537931046,0.5528969958681532,0.6871848319008589,0.13428783603270567,243.35048620689685,169.7176783333338,-73.63280787356305,253.33041724137965,327.9102550000006,74.57983775862093,1.0529951438359306,1.932056579839636,0.8790614360037055,0.12062241483539027,0.6343189919588221,0.5136965771234319,9.406844171455933,12.5091591111111,3.102314939655166
71001,1375.9793241379257,1384.7160083333345,8.73668419540877,539.2741120689655,667.1102200000025,127.83610793103708,0.39417706692100274,0.48061614102169314,0.0864390741006904,299.5455741379311,208.97479000000016,-90.57078413793096,244.22519310344802,316.67104000000006,72.44584689655204,0.825722429370768,1.5156520101337225,0.6899295807629545,0.3290063211911419,0.8076085634072848,0.4786022422161429,8.514978098659014,11.624022597222186,3.109044498563172
71004,1233.4707086206868,1206.1483633333294,-27.322345287357393,540.5183931034478,672.6885666666653,132.17017356321753,0.4409234735688152,0.5566072533963509,0.11568377982753564,276.340477586207,191.77602499999986,-84.56445258620712,245.23841379310352,320.1057850000001,74.86737120689656,0.8993663789976738,1.670116178290375,0.7707497992927013,0.27670963635692447,0.7595253581935023,0.48281572183657784,8.545435167624518,11.69612432870368,3.1506891610791623
71006,1373.521155172412,1386.1572066666645,12.63605149425257,533.808837931035,659.1423566666672,125.3335187356322,0.3904791318339499,0.4748082527059173,0.08432912087196742,295.2707465517243,205.9280200000003,-89.34272655172401,242.3387224137931,314.20423999999986,71.86551758620675,0.8292448384458035,1.5260027391202837,0.6967579006744802,0.36712435242325603,0.8383764722518611,0.47125211982860504,8.363823500957855,11.47589536574074,3.1120718647828856
71008,1652.6302896551701,1698.6699583333316,46.03966867816143,538.5789931034485,664.3424733333295,125.763480229881,0.32783714339940395,0.38971969517455923,0.06188255177515528,348.7335948275861,245.19358333333372,-103.54001149425238,243.40220344827586,313.8374416666676,70.43523821839173,0.7057470311900201,1.2801041174713754,0.5743570862813553,0.3656822553663749,0.8419948852846617,0.4763126299182868,8.364198831417648,11.428976523148142,3.0647776917304945
71014,1231.4647793103409,1241.1641099999983,9.699330689657472,552.3235896551705,685.8799866666652,133.5563970114947,0.4517624166013626,0.5493566082185144,0.09759419161715177,280.57382931034505,194.35330166666665,-86.2205276436784,248.01899999999978,321.30749333333347,73.28849333333369,0.8954819223242667,1.653129487420688,0.7576475650964214,0.21090439870915184,0.7079753270458171,0.4970709283366653,8.94181799808428,12.05342648148147,3.1116084833971893
72002,1258.0727051724152,1292.7831249999995,34.710419827584246,552.9558293103439,680.1005933333345,127.14476402299056,0.4429299221511558,0.5227371168232753,0.0798071946721195,286.85379482758617,203.93708500000076,-82.91670982758541,247.310863793103,315.4136016666662,68.10273787356317,0.8710933690147173,1.5466252030392038,0.6755318340244865,0.20126341867613487,0.6972982579633472,0.49603483928721237,8.982975090996177,12.016784787037043,3.0338096960408656
72004,1575.8273603448215,1640.8754799999963,65.04811965517479,524.7982965517224,643.345651666667,118.5473551149446,0.33429157309749613,0.3911015699442365,0.056809996846740374,324.42269482758627,231.0294866666669,-93.39320816091936,237.06918620689635,304.7334783333334,67.66429212643703,0.7317133279444492,1.3190503169624352,0.587336989017986,0.43672885097553116,0.88599309474699,0.4492642437714588,8.07293376436779,11.158433185185189,3.085499420817399
72005,1776.124974137931,1837.3853366666647,61.260362528733594,519.9502034482749,638.8661949999996,118.91599155172469,0.29360084726056235,0.34685632516377346,0.05325547790321111,339.57608620689666,241.016661666667,-98.55942454022966,234.24681206896537,302.81350833333306,68.56669626436769,0.6898520988345886,1.2566714140174073,0.5668193151828187,0.5620555868413588,0.9920539274980544,0.4299983406566956,7.739115991379307,10.835014925925906,3.0958989345465993
72007,1344.5221362068942,1380.8515933333288,36.32945712643459,547.3741224137923,675.0128983333334,127.6387759195411,0.4102954824371348,0.4858676511257917,0.0755721686886569,308.5363413793101,218.77921166666687,-89.75712971264323,245.77233965517217,314.8597849999994,69.08744534482724,0.8047719401515457,1.4391937791348282,0.6344218389832824,0.19428328728170885,0.6973577894316925,0.5030745021499836,8.719485181992335,11.762705263888888,3.0432200818965534
72009,1344.5301103448273,1393.2644049999979,48.734294655170515,533.480236206897,655.0301533333329,121.54991712643596,0.39852790286728024,0.46968825198464215,0.07116034911736191,283.6539724137934,199.42064666666712,-84.23332574712626,241.73006551724114,311.7478233333339,70.01775781609274,0.8587260012442284,1.5632606013434862,0.7045346000992578,0.38444254299801506,0.8480361814357025,0.4635936384376874,8.388512279693495,11.472753236111119,3.0842409564176236
72014,1194.2188948275852,1237.709628333333,43.49073350574781,547.6170879310329,671.1544800000011,123.53739206896819,0.461712061907561,0.5380707084488978,0.07635864654133684,276.5950655172419,204.96531833333356,-71.62974718390834,244.73549827586223,309.8338849999997,65.0983867241375,0.8896591936173197,1.5115968302368303,0.6219376366195106,0.17236996930569853,0.6308696242586993,0.45849965495300077,9.091556604406115,12.11539220833334,3.0238356039272247
72015,1765.1431482758594,1820.2749133333327,55.13176505747333,519.0216810344826,637.3910033333327,118.36932229885008,0.2949132485623284,0.34949525440487594,0.05458200584254752,331.58986034482734,235.8085966666668,-95.78126367816054,234.27182413793116,302.70472333333356,68.4328991954024,0.7065409446053514,1.28394682229559,0.5774058776902387,0.5921461174742959,1.0161698045160148,0.4240236870417189,7.729037274904201,10.829120212962993,3.100082938058792
73005,1766.9625379310385,1878.072743333332,111.11020540229356,524.01635862069,643.6913216666667,119.67496304597671,0.297225548813951,0.34054446835905106,0.04331891954510003,347.09395689655196,244.20377000000025,-102.89018689655171,237.21061724137925,305.5862716666666,68.37565442528737,0.6833469687422628,1.252625311370351,0.5692783426280882,0.5024039726104036,0.9506756978405972,0.44827172523019365,8.303956489463605,11.374980754629634,3.071024265166029
73009,2121.7747586206838,2231.15333,109.37857137931633,515.2637758620684,634.691298333333,119.42752247126452,0.24337325624018447,0.28243654507274474,0.03906328883256027,397.6673482758622,279.2082450000005,-118.45910327586171,233.067943103448,300.91915999999986,67.85121689655188,0.5861125073396577,1.0784315959754343,0.49231908863577656,0.5720378245773814,1.0104064066688696,0.4383685820914882,7.66954846264367,10.748881726851826,3.079333264208156
73010,2318.9934327586125,2500.3752299999987,181.38179724138627,511.92796551724075,624.2409566666657,112.31299114942499,0.2211082063041522,0.24756110422253885,0.026452897918386648,434.85387413793086,301.7898566666669,-133.06401747126398,231.7814396551725,294.6141549999998,62.83271534482731,0.5328999075922616,0.9766092643631827,0.44370935677092116,0.5551069236123644,0.9955134702088729,0.4404065465965086,8.288157198275856,11.363573777777809,3.075416579501953
73011,1634.1851206896588,1730.0282799999948,95.84315931033598,524.578132758621,644.4016099999994,119.82347724137844,0.3219014693747506,0.37074830533659686,0.04884683596184625,332.03436206896515,235.05966833333352,-96.97469373563163,237.82331206896538,306.90882166666665,69.08550959770128,0.7161514847661066,1.3070591372927194,0.5909076525266128,0.45761218391321923,0.9120729682433879,0.4544607843301687,8.324356034482783,11.398686291666642,3.0743302571838598
73014,3051.0127500000026,3303.9834633333235,252.97071333332087,504.4000655172411,616.4577966666687,112.05773114942764,0.16563522719871168,0.18505862454548933,0.019423397346777643,573.2332534482764,396.8601333333337,-176.3731201149427,229.87044482758608,292.60601666666685,62.73557183908076,0.4009137528103125,0.7373616195216448,0.3364478667113323,0.5442943667594111,0.9813862652218127,0.4370918984624016,7.915129568965529,10.993822615740722,3.078693046775193
73015,1166.085374137935,1249.1537133333272,83.06833919539213,554.4418241379319,679.5172200000015,125.07539586206963,0.4780158066236958,0.5391045040261607,0.06108869740246492,261.7774086206899,193.28826166666676,-68.48914695402317,247.4908999999996,314.0678016666667,66.57690166666708,0.9483109946279579,1.6261706857214868,0.677859691093529,0.24948030484609887,0.6927800727037645,0.44329976785766567,9.218473927203064,12.229328768518538,3.0108548413154743
74001,2243.406439655172,2468.0113283333376,224.60488867816548,515.4426724137923,631.133524999999,115.6908525862068,0.23043884253526337,0.25366875780699,0.02322991527172663,457.80687931034504,327.7554183333334,-130.05146097701163,230.90330344827566,293.39052166666704,62.48721821839138,0.504219791061611,0.8956925927809174,0.39147280171930643,0.3894606599139323,0.8339065847888318,0.44444592487489953,7.850348376436788,10.875060162037014,3.0247117856002266
74005,1758.0305517241386,1895.5123449999915,137.48179327585285,524.6573586206904,637.4602600000002,112.80290137930979,0.3001808097267764,0.3314211536961371,0.031240343969360707,378.04038275862047,281.0452500000004,-96.99513275862006,234.35506034482785,291.91824500000007,57.56318465517222,0.618864466422473,1.034405667529347,0.415541201106874,0.27613727051417297,0.6918016126928438,0.4156643421786708,8.370634956896556,11.346225550925922,2.9755905940293665
74006,1710.6379379310335,1845.6656949999924,135.02775706895886,520.1677793103452,634.2507766666639,114.08299735631874,0.30612906794936146,0.34057870461423256,0.03444963666487111,384.19615517241334,291.7846300000001,-92.41152517241323,230.28987068965515,289.33999666666665,59.050125977011504,0.5990372485738769,0.9931518826312129,0.39411463405733604,0.19805994138006644,0.6075914707250842,0.4095315293450178,8.034675689655188,11.027921495370396,2.9932458057152083
74007,2219.0487586206855,2431.3552733333277,212.30651471264218,512.0757741379307,623.2291766666664,111.15340252873568,0.23160497864573282,0.2547467645212197,0.023141785875486875,458.9857775862065,330.6235466666667,-128.3622309195398,229.25190862068987,289.69359500000013,60.441686379310255,0.49928987049115486,0.8765983260026695,0.37730845551151465,0.36716062936160837,0.7976393346156911,0.43047870525408277,7.824794295977015,10.856506106481474,3.0317118105044587
75003,2226.3115034482726,2334.3128416666573,108.00133821838472,504.40187068965497,612.2731983333338,107.8713276436788,0.2271461479035228,0.2608833554693094,0.0337372075657866,408.59476034482736,291.644165,-116.95059534482738,226.61458448275914,286.41628000000037,59.80169551724123,0.5543505754751492,0.982041404603054,0.4276908291279048,0.5636063015257995,0.963842834834426,0.4002365333086265,7.616966029693488,10.693505412037043,3.0765393823435545
75004,2111.3105137931043,2267.3501533333324,156.0396395402281,503.38924482758677,609.1116700000006,105.7224251724138,0.23938154519192723,0.2665782304423835,0.027196685250456265,412.53339137931016,298.8797033333335,-113.65368804597665,224.7192258620691,281.28601500000013,56.56678913793104,0.5441401117162763,0.9412293680148682,0.39708925629859193,0.44052606180449466,0.8510976470299926,0.4105715852254979,7.794736503831437,10.831757796296323,3.0370212924648854
75017,1152.4788948275839,1155.345401666666,2.866506839082149,535.773372413793,655.6535149999984,119.88014258620535,0.4672471277148056,0.5624885486876084,0.09524142097280286,252.31057068965526,189.6116433333336,-62.69892735632166,237.80911206896553,301.1855100000007,63.37639793103517,0.9408596396438564,1.5836868723673525,0.6428272327234961,0.2630478969998781,0.6538899919338232,0.39084209493394517,8.562373917624498,11.557671620370414,2.9952977027459156
76003,1952.0601499999952,1992.3964849999993,40.336335000004055,514.2436965517243,629.0882099999998,114.8445134482755,0.2639411756631127,0.31464074448487667,0.05069956882176396,339.39393965517326,242.76027000000062,-96.63366965517264,231.99272068965507,297.4099916666667,65.41727097701164,0.6835893882345951,1.225328771708488,0.5417393834738928,0.6653112667959814,1.0611718845542522,0.39586061775827075,7.597793472222205,10.674624032407447,3.0768305601852424
76005,1202.8336241379297,1190.6974883333305,-12.136135804599235,515.3948534482759,631.8549733333349,116.46011988505904,0.43004341018749237,0.529906765999574,0.09986335581208161,238.35458275862084,173.94902499999998,-64.40555775862086,234.1220551724137,301.3684466666668,67.24639149425309,0.9828090420659583,1.7328324910977426,0.7500234490317843,0.5117143120743444,0.9143116303462538,0.4025973182719095,7.897773749999996,11.023666736111124,3.125892986111128
76007,1255.366912068963,1248.2653433333298,-7.101568735633236,520.2851844827594,636.1822066666663,115.89702218390687,0.4159606941614762,0.5082423825651423,0.09228168840366613,257.791046551725,192.41092833333352,-65.38011821839149,234.56096034482783,300.52817333333337,65.96721298850554,0.910853474531383,1.5619834341703935,0.6511299596390105,0.4334549271105736,0.8185181658044607,0.3850632386938871,8.047036101532548,11.114879902777776,3.0678438012452283
76008,1116.3925810344836,1095.023056666667,-21.369524367816666,525.1445568965516,642.4638549999991,117.31929810344741,0.4723695237270561,0.5814719956511645,0.10910247192410838,271.79232586206876,201.75350833333368,-70.03881752873508,234.08961896551762,300.1833416666671,66.09372270114949,0.869714773928411,1.48778300758819,0.6180682336597789,0.15686730180446834,0.597871362547023,0.44100406074255466,8.072143275862043,11.113314601851863,3.0411713259898203
76011,1291.1938931034442,1276.7349566666678,-14.458936436776412,518.7965534482759,635.8158266666669,117.01927321839105,0.4029452040329454,0.49578169067459377,0.09283648664164834,295.52246206896564,208.49891166666697,-87.02355040229867,230.8370637931032,296.5346133333335,65.69754954023028,0.7875582824504357,1.4223785835119336,0.6348203010614979,0.29043740248357663,0.7805367625613572,0.49009936007778054,7.564763352490418,10.621426569444452,3.0566632169540338
76014,1622.7741017241424,1627.7228183333366,4.948716609194207,502.3892551724132,616.916655,114.5273998275868,0.31047869304607634,0.37822841000330953,0.0677497169572332,300.278429310345,214.4997033333334,-85.77872597701162,228.92648275862064,294.18399,65.25750724137936,0.7641278279684994,1.3714459400316232,0.6073181120631238,0.622627480970625,1.0444905260398765,0.42186304506925143,7.277671867816087,10.436907263888887,3.1592353960728
77002,1586.2128896551735,1641.1670716666576,54.954182011484136,506.4948896551728,618.3616833333325,111.8667936781597,0.3207322844658727,0.3736265198269322,0.05289423536105947,346.65631206896603,248.91164666666728,-97.74466540229875,226.57338793103463,290.3841333333338,63.810745402299176,0.6572755117601319,1.165158396332973,0.5078828845728411,0.3402319328629675,0.7941485508711368,0.4539166180081693,7.677901408045977,10.701383106481448,3.0234816984354707
77003,1409.148772413791,1431.4232949999948,22.27452258620383,509.9318568965505,622.438416666666,112.50655977011542,0.3633209220511646,0.4318848426564379,0.06856392060527328,308.3403155172416,222.05431166666648,-86.28600385057513,228.67860517241405,292.7605549999996,64.08194982758556,0.7464674463227641,1.3186470755321194,0.5721796292093553,0.35257212709606345,0.8150766925505222,0.4625045654544587,7.748643290229872,10.796371407407374,3.0477281171775026
77004,1239.9160327586178,1302.4832616666654,62.56722890804758,531.6093793103446,651.6563716666667,120.04699235632211,0.4306498935384486,0.49512152677485277,0.06447163323640415,306.03270344827627,227.89748000000026,-78.13522344827601,236.48629482758588,304.38558666666603,67.89929183908015,0.7800551614571898,1.3333220475945435,0.5532668861373538,0.13050279023468372,0.5996603279791433,0.46915753774445956,8.581232092911872,11.555408226851831,2.9741761339399595
78003,1434.1538465517224,1487.9461666666652,53.79232011494287,511.2437724137917,623.9066083333328,112.66283591954107,0.35841207908008166,0.41521182407862367,0.05679974499854201,310.74187758620735,229.86952333333377,-80.87235425287358,227.47513965517243,291.8043950000003,64.32925534482786,0.7348980419389133,1.2668853423884314,0.5319873004495181,0.3279954698049434,0.7377296401471392,0.4097341703421958,8.005301264367816,10.996250981481502,2.9909497171136863
78004,1604.2157568965474,1672.2437116666663,68.02795477011887,505.733353448276,616.9410833333346,111.20772988505865,0.317107287821124,0.36566212470066567,0.04855483687954165,336.9560689655176,249.50804333333332,-87.44802563218428,226.32405000000028,290.61586500000044,64.29181500000016,0.6734237581266977,1.1632171571758783,0.4897933990491805,0.36133095041357277,0.7543739782170997,0.39304302780352696,7.8737062260536375,10.864696587962982,2.9909903619093443
78006,1700.7176862069061,1723.4041866666582,22.686500459752097,485.90706379310154,589.5801416666684,103.67307787356685,0.2873032820847383,0.33918051072326316,0.05187722863852484,334.81941034482725,247.3357050000002,-87.48370534482706,218.18067931034489,277.18400166666686,59.00332235632197,0.6518162439096786,1.1190855928229815,0.46726934891330285,0.47348529184859744,0.8499803281729064,0.3764950363243089,7.20441252394637,10.228220421296319,3.0238078973499487
79002,1589.5902275862056,1592.5978850000001,3.0076574137945045,495.44802931034565,599.9480699999995,104.50004068965382,0.3132623884279655,0.37196548695542553,0.05870309852746003,297.6292879310346,229.48052333333322,-68.14876459770136,219.39769655172435,277.7796583333334,58.38196178160902,0.7394881746115348,1.2065493654692867,0.4670611908577519,0.5315601032789146,0.8203643511494624,0.2888042478705478,7.58669185823757,10.529379342592588,2.9426874843550177
79003,1676.1765293103401,1683.0352949999942,6.858765689654092,487.59357413793174,586.620663333336,99.02708919540424,0.2922274398060403,0.3425612371398046,0.05033379733376425,314.3632241379314,248.8854666666667,-65.47775747126471,214.78123793103455,267.75034000000005,52.9691020689655,0.6859753589017326,1.0709446798318396,0.38496932093010705,0.5240387580262409,0.7963707033008196,0.2723319452745787,7.37114999042144,10.282781666666686,2.9116316762452463
79004,1784.8148724137945,1783.1074866666695,-1.7073857471250449,499.7681189655169,609.8006516666651,110.03253270114817,0.2815168420309915,0.33788975668760857,0.05637291465661709,326.80776034482767,247.58170666666706,-79.22605367816061,221.2450362068961,283.2420916666666,61.997055459770536,0.679066204074623,1.1413383942967275,0.4622721902221044,0.5624559372268256,0.8572092243143585,0.2947532870875329,7.463603845785457,10.405068893518543,2.941465047733086
79005,1566.8515000000016,1583.3180366666666,16.46653666666498,511.6489344827584,625.443573333332,113.79463885057356,0.3284986377094915,0.39061920005639483,0.06212056234690333,303.62653103448287,227.8598000000004,-75.76673103448246,226.40445689655192,291.2016616666665,64.79720477011458,0.7486386401168019,1.2734089042585808,0.5247702641417789,0.4757297058159361,0.8172004543895518,0.3414707485736157,8.11910248084292,11.05636800462963,2.93726552378671
79006,1633.1058034482721,1628.8394683333318,-4.266335114940375,489.5295775862069,590.8511299999984,101.3215524137915,0.30113196398298814,0.3577724280886928,0.05664046410570467,302.7214241379313,235.8160183333335,-66.90540580459782,216.65277413793086,272.46036166666676,55.807587528735894,0.7177450054265047,1.1514767052712935,0.4337316998447889,0.5445577194759998,0.8243170657764571,0.2797593463004573,7.370140249042166,10.30666331944443,2.9365230704022647
80001,1458.3745500000014,1495.0387016666614,36.66415166666002,523.4792034482759,641.4514133333337,117.97220988505774,0.3612177717812104,0.4246885802631143,0.0634708084819039,288.6401793103454,213.61619666666655,-75.02398264367883,229.83386896551693,296.24418666666645,66.41031770114952,0.7986014023400902,1.382313929200096,0.5837125268600059,0.4395883796503736,0.8263685634340255,0.3867801837836519,8.527901633141756,11.456552148148154,2.9286505150063977
80002,1949.5001655172346,2003.8627616666588,54.362596149424235,500.27004310344887,606.4824216666648,106.2123785632159,0.2580823560420463,0.2983238618245522,0.04024150578250585,357.699848275862,263.8064133333337,-93.8934349425283,219.85755862068982,278.24633000000017,58.388771379310356,0.616094761574733,1.0514090090782842,0.4353142475035512,0.5512347569378507,0.8880404516871903,0.3368056947493395,7.891940378352507,10.807654939814828,2.9157145614623214
80003,2799.0396155172352,2928.044509999988,129.00489448275266,487.2599120689666,594.3897400000004,107.12982793103379,0.1751820188066079,0.19941481689358614,0.024232798086978258,556.707515517242,409.9540516666672,-146.75346385057475,210.59093793103477,267.5791466666666,56.988208735631815,0.37891656562871134,0.6503956785820826,0.27147911295337124,0.4267458011524624,0.7794716723014407,0.35272587114897824,6.822631508620701,9.716102699074082,2.893471190453381
80004,2743.7055155172466,2867.7859483333264,124.08043281607979,493.2614086206886,599.3958516666644,106.13444304597579,0.18088169723903874,0.2054243560357626,0.02454265879672385,532.7320913793101,392.68228166666654,-140.04980971264354,209.0114086206898,264.18755166666654,55.176143045976744,0.39282673960451764,0.6704552049768584,0.27762846537234076,0.4638693182579158,0.8125962575841048,0.34872693932618903,7.128935320881231,10.02749479166667,2.8985594707854396
80005,2809.861736206892,2932.811933333338,122.9501971264458,480.69375000000014,586.8788616666657,106.18511166666553,0.1721348886891005,0.1965410564060133,0.024406167716912786,554.6043120689644,408.8045966666674,-145.799715402297,206.00242241379286,261.5677549999999,55.56533258620706,0.37190353323811987,0.6377484604771753,0.2658449272390554,0.43862293441840944,0.7898020755812969,0.35117914116288745,6.447331307471266,9.337809550925893,2.890478243454627
80006,2720.5417706896474,2844.4178249999923,123.8760543103449,486.1557517241372,589.6951616666657,103.53940994252855,0.17980920275079848,0.203687311012189,0.02387810826139053,533.8779844827584,393.3666883333332,-140.51129614942522,211.32339482758627,266.6095916666666,55.286196839080304,0.3963982627610876,0.6750912206471007,0.2786929578860131,0.4475614147208301,0.7980171098737296,0.35045569515289954,7.149089329501897,10.043619212962984,2.894529883461087
81002,1887.8160310344863,1995.956981666659,108.14095063217269,497.3563500000005,599.2260383333332,101.86968833333276,0.2651221595351617,0.29478042668702803,0.029658267151866313,374.4784155172417,284.7718233333336,-89.70659218390807,216.70352068965516,270.7593550000005,54.05583431034532,0.5801459824136603,0.9465847001870559,0.36643871777339554,0.4205773239627692,0.7482694569129524,0.32769213295018323,8.068657820881231,10.930698078703644,2.8620402578224127
81003,1587.6485172413832,1647.6188116666635,59.97029442528037,513.6651172413785,622.990668333332,109.32555109195346,0.3264197892755586,0.36993162779302247,0.043511838517463874,328.00299310344803,254.04024000000015,-73.96275310344788,219.2178344827586,273.7202266666664,54.5023921839078,0.676780315644169,1.0670344518058466,0.3902541361616776,0.3291846252525842,0.6241152229958992,0.294930597743315,8.461899875478938,11.245160708333348,2.7832608328544097
81004,1431.5522689655174,1512.4086916666681,80.85642270115068,521.6222689655172,632.64994,111.02767103448286,0.3674247090714011,0.4111712960583422,0.04374658698694106,292.97239482758584,222.30688500000053,-70.66550982758531,224.66866551724132,283.22937500000046,58.56070948275914,0.7748477084117493,1.266354721116262,0.4915070127045127,0.36033572673989517,0.6854312418010634,0.32509551506116824,8.925773544061308,11.74903442129629,2.8232608772349828
81006,2161.9793844827545,2275.1654033333325,113.18601885057797,486.2455103448276,585.3044149999996,99.058904655172,0.22622026388351585,0.2523626574888425,0.026142393605326664,420.2480896551724,320.844885,-99.40320465517243,212.20118103448272,264.46715333333304,52.26597229885033,0.5056192644152268,0.8204219206222516,0.31480265620702486,0.44865161995179614,0.7740329917843867,0.3253813718325905,7.515245704022988,10.389784425925935,2.8745387219029475
81007,1932.1312189655189,2035.8361899999986,103.70497103447974,508.00218620689543,618.4921383333326,110.48995212643717,0.26472786349069366,0.3000086034406447,0.03528073994995107,386.6408275862074,280.281171666667,-106.35965591954044,223.1193706896554,284.0760633333333,60.95669264367791,0.5800652955045065,1.0114957501746882,0.4314304546701817,0.4133276662505617,0.7963613802214744,0.3830337139709127,8.339459142720315,11.235811949074058,2.896352806353743
82001,1478.6313482758637,1532.6731749999985,54.04182672413481,504.5430568965515,603.140709999999,98.5976531034475,0.3426633564640567,0.3853921968263464,0.04272884036228969,287.43648620689623,230.34018666666685,-57.09629954022938,220.07795000000021,270.9084533333337,50.83050333333347,0.7672914894324799,1.1601364770192504,0.39284498758677044,0.44085705491177724,0.7359004359759591,0.2950433810641819,8.237952274904217,11.047920296296272,2.8099680213920557
82003,1639.0144775862066,1711.5228033333283,72.50832574712172,504.0434482758609,604.3217966666664,100.27834839080549,0.3093071186446126,0.3458681382055107,0.036561019560898134,325.931060344828,261.5372133333337,-64.3938470114943,217.28195517241392,268.0006116666664,50.71865649425246,0.6691664542978452,1.0152396101490617,0.34607315585121656,0.3945140557719644,0.6879449310307829,0.2934308752588185,8.270815397509587,11.069373773148172,2.798558375638585
83003,1417.355005172415,1423.4220399999972,6.06703482758212,492.8488982758611,594.3793399999983,101.53044172413718,0.3491376682380334,0.4105981899652307,0.06146052172719729,287.825527586207,228.142006666667,-59.68352091954,217.0494948275857,272.2432616666665,55.19376683908081,0.7556516664647982,1.186385239221317,0.4307335727565188,0.41816387891368445,0.6959844033218754,0.27782052440819094,7.581042159961681,10.484908111111094,2.903865951149413
83004,1363.4538224137923,1380.4753633333348,17.02154091954253,496.2751948275845,596.7585749999982,100.48338017241372,0.36585241069800434,0.42470932327326405,0.05885691257525971,268.422453448276,218.28684499999997,-50.135608448276,217.8686344827589,271.62508166666635,53.756447183907454,0.816984329082083,1.2365609420539507,0.41957661297186777,0.45438205140821997,0.7197560504929974,0.26537399908477743,7.789939181034484,10.684487203703691,2.8945480226692073
83006,1316.4339637931034,1338.4646283333325,22.030664540229054,500.7710448275867,602.72211,101.95106517241334,0.38225990955937106,0.4423930374773543,0.06013312791798325,266.61806379310343,216.5008133333337,-50.117250459769735,219.2580655172414,273.78878166666686,54.53071614942547,0.8264608030172418,1.2553674717726324,0.42890666875539063,0.40945001625944,0.6755195759744659,0.2660695597150259,7.988958199233718,10.868095296296307,2.879137097062589
83007,1409.7127137931016,1479.2707716666637,69.55805787356212,510.4265275862045,617.578748333334,107.15222074712955,0.36305087596412766,0.40889086774245587,0.045839991778328204,294.84223275862064,230.82963333333402,-64.01259942528662,220.77941034482785,278.91615333333357,58.136742988505716,0.7486283558636195,1.19568408746394,0.4470557316003205,0.33666716599389324,0.6395855760384916,0.3029184100445984,8.662967739463614,11.479214754629657,2.8162470151660433
83009,1634.251508620684,1747.933708333334,113.68219971264989,508.16824655172354,611.4873566666668,103.31911011494321,0.3115940786025879,0.3410714752382388,0.029477396635650854,337.94660689655217,267.952891666667,-69.99371522988514,222.58165862068972,278.7021399999999,56.12048137931015,0.6577168561477695,1.0183050307863493,0.36058817463857973,0.34979428696561665,0.6872379343905122,0.3374436474248955,8.279202413793096,11.028614162036998,2.7494117482439027
83010,1457.5384931034514,1478.2376949999943,20.699201896542945,497.6859948275858,599.4311716666671,101.7451768390813,0.34257539909039925,0.39817140847111543,0.05559600938071618,304.2344362068961,237.20806666666687,-67.02636954022921,217.2478724137926,273.2427,55.99482758620741,0.7141263296830724,1.1411410653127483,0.42701473562967585,0.3646699271125896,0.6654684703615092,0.30079854324891964,7.852744525862078,10.716955370370343,2.864210844508265
83013,1314.471643103446,1349.0215233333308,34.54988022988482,503.7222396551732,605.9745916666667,102.25235201149349,0.38476504122583755,0.4412154732951208,0.05645043206928324,278.56009482758657,221.89257666666668,-56.66751816091988,219.86067241379357,275.83192666666673,55.971254252873166,0.789273112541042,1.2310086771409878,0.4417355645999458,0.32872806811163635,0.614251323719148,0.2855232556075117,8.259195162835233,11.106797712962964,2.8476025501277302
84001,1365.0672741379312,1370.9747899999988,5.907515862067612,504.63782241379243,619.3222966666688,114.68447425287633,0.37122448509818606,0.44200056859418746,0.0707760834960014,285.2579103448278,222.65045166666698,-62.60745867816081,219.97251896551722,285.8299149999998,65.85739603448258,0.7711292762399762,1.270880809848034,0.4997515336080578,0.36633322034133065,0.6750446636284018,0.3087114432870711,8.277864913793117,11.204133347222218,2.926268433429101
84004,1344.7843051724144,1320.6257599999979,-24.158545172416552,490.7099068965505,596.6177883333328,105.9078814367823,0.36660112584185445,0.4468742473218774,0.08027312148002297,273.42774310344845,215.01367666666727,-58.414066436781184,218.27452413793145,277.9662516666662,59.69172752873476,0.7983771896361976,1.2891226262866167,0.49074543665041903,0.4200086158876236,0.7171825344138744,0.29717391852625075,7.188110172413783,10.168801995370387,2.9806918229566044
84005,1256.4893758620665,1234.1077616666644,-22.381614195402108,495.0550896551724,602.3865133333335,107.33142367816106,0.3956362136146345,0.48115360076806357,0.08551738715342905,261.43690344827627,207.36139333333347,-54.0755101149428,219.30048448275866,279.6219633333334,60.32147885057472,0.8387985614326662,1.3407449327577126,0.5019463713250464,0.3939312545809155,0.6825414294099429,0.2886101748290274,7.54862442049806,10.497459583333342,2.948835162835282
84008,1362.8437534482737,1369.246629999995,6.40287655172142,505.46674655172603,615.7930650000023,110.32631844827631,0.37137521234841475,0.4411516625409331,0.06977645019251832,268.99002241379316,211.17536999999976,-57.8146524137934,220.00059655172407,281.9279133333333,61.92731678160925,0.8178896870741658,1.3225627903904085,0.5046731033162427,0.47572777439825764,0.769233356105921,0.2935055817076634,8.055440943486602,10.935445805555561,2.88000486206896
84009,1357.4903431034431,1332.0016416666701,-25.488701436773,495.1644275862055,602.3269283333333,107.16250074712781,0.3661970123331346,0.44487760852491864,0.07868059619178402,276.13399655172384,221.22710500000017,-54.906891551723675,218.5074482758621,277.96405833333324,59.45661005747115,0.7913231368523483,1.2475076816233324,0.456184544770984,0.43906802873046535,0.7156203762158514,0.27655234748538604,7.462314018199221,10.38744079629632,2.9251267780970984
84012,1463.2527413793086,1498.390546666668,35.13780528735924,504.29540517241276,611.3938916666648,107.09848649425203,0.34502626985245555,0.3997195096787133,0.054693239826257734,288.6808706896552,221.82052833333347,-66.86034235632172,218.79068275862056,278.8140566666666,60.02337390804604,0.7578248579831163,1.2451250950945083,0.48730023711139203,0.45624426729449663,0.7750542862940579,0.3188100189995613,8.312790833333377,11.172669944444424,2.859879111111047
84013,1243.5116689655194,1222.7924416666633,-20.71922729885614,496.1188465517232,604.0837399999997,107.96489344827648,0.40060143915589297,0.486640986390037,0.08603954723414403,259.62265000000014,205.81757000000022,-53.80507999999992,219.4531482758621,280.1739983333331,60.72085005747098,0.8452366110988676,1.3529249807166441,0.5076883696177765,0.388234374307349,0.679539099853133,0.291304725545784,7.619561671455958,10.56443466666665,2.944872995210691
84014,1414.0117068965508,1406.9611133333283,-7.050593563222492,498.901991379311,605.2094949999994,106.30750362068835,0.35387704287266547,0.42266151052176887,0.0687844676491034,290.207456896552,228.62241333333327,-61.58504356321873,218.8555655172415,277.67642666666694,58.82086114942544,0.7542002913421647,1.2037357414456178,0.4495354501034531,0.418386171053445,0.7048099923504046,0.28642382129695965,7.746854722222228,10.639558490740797,2.892703768518569
84016,1174.2890051724153,1162.4545099999955,-11.834495172419793,509.2788879310352,624.9264133333343,115.6475254022991,0.43582424161830935,0.527141819679303,0.09131757806099361,258.31643103448306,203.1080483333336,-55.208382701149446,221.18763448275854,287.5749149999998,66.38728051724127,0.8562763926040429,1.402620503450961,0.546344110846918,0.29881623010122516,0.6321102566161727,0.33329402651494755,8.281469976053673,11.212483162037062,2.931013185983389
84017,1914.167149999998,2016.9845499999983,102.81740000000036,499.5807327586209,604.6930666666669,105.11233390804603,0.2616337506083609,0.2931391365071775,0.031505385898816574,375.6212103448273,292.0127866666672,-83.60842367816014,216.2822689655173,273.5915616666669,57.309292701149616,0.5756342820839102,0.9284675401340656,0.3528332580501554,0.4454078556941108,0.753744132715273,0.3083362770211622,8.172928601532574,10.98711645370371,2.814187852171136
84018,1324.3737603448308,1298.9287199999983,-25.445040344832478,491.56908448275965,597.4174366666645,105.84835218390481,0.37287261512154557,0.45465658077377025,0.08178396565222468,269.4002965517244,212.571616666667,-56.8286798850574,218.4557517241377,277.98208000000034,59.526328275862625,0.8109362525774717,1.3034019147241387,0.492465662146667,0.42178564406803487,0.7149268040468272,0.2931411599787923,7.264402035440613,10.238553300925936,2.9741512654853235
84019,1047.6795086206876,1035.4681549999978,-12.211353620689806,508.5500672413791,622.7783233333325,114.22825609195343,0.4876535134534092,0.5902119895888382,0.10255847613542907,236.74911896551706,187.2117199999999,-49.537398965517156,221.16251206896587,286.67921,65.51669793103414,0.9341462567381111,1.516602114754286,0.5824558580161749,0.2526650116012892,0.5831544099240467,0.3304893983227575,8.226203611111076,11.15110995370367,2.9249063425925943
84020,1661.5631379310319,1677.2926833333324,15.729545402300573,496.4373137931018,613.7034916666646,117.26617787356281,0.29996918442414466,0.35702498014340844,0.05705579571926378,337.3265103448276,262.33612000000056,-74.99039034482706,215.9707051724139,282.54606833333366,66.57536316091978,0.6402354638569598,1.0661206299613046,0.4258851661043448,0.4017124617323372,0.6995784728093803,0.29786601107704314,7.455408553639815,10.382788606481446,2.927380052841631
84022,1448.9802603448236,1427.7805166666662,-21.199743678157347,490.14787413793084,593.8069499999993,103.6590758620685,0.339643226982997,0.41109089575350843,0.07144766877051145,284.22810517241396,223.5836700000003,-60.644435172413665,217.81134482758617,275.7926816666666,57.981336839080456,0.7670408261964052,1.2302173764859416,0.4631765502895364,0.46750367816912397,0.7593030758060442,0.2917993976369202,7.229868457854408,10.189896638888925,2.9600281810345166
84026,1635.7663844827548,1670.33917833333,34.57279385057518,498.50754655172346,612.5776916666638,114.07014511494032,0.30579312205672815,0.35734731505453,0.05155419299780184,327.0015896551723,255.45019999999985,-71.55138965517247,216.58869827586227,280.7631716666667,64.17447339080445,0.6623354215361066,1.0860130837311326,0.423677662195026,0.4229592314519265,0.7121061669720072,0.28914693552008075,7.927996441570878,10.836427685185177,2.9084312436142987
84030,1529.4064603448267,1555.4344783333322,26.028017988505553,502.76540689655155,609.9280450000011,107.16263810344958,0.3290184464064445,0.3842976348046379,0.0552791883981934,304.4431258620697,233.4650950000006,-70.97803086206909,218.17627068965487,277.95927999999964,59.78300931034477,0.7164965380253981,1.179255682301894,0.4627591442764959,0.44608612630475775,0.7667573445520115,0.32067121824725375,8.018382916666663,10.876613402777753,2.85823048611109
85001,2238.716217241378,2363.3821383333297,124.66592109195153,479.8132275862067,578.2395716666649,98.4263440804582,0.21450076843648058,0.23901509715610275,0.02451432871962217,402.37961379310343,312.1546983333335,-90.22491545976993,209.29545689655157,265.79068,56.49522310344844,0.5201439110979635,0.8427207605584822,0.3225768494605187,0.5976372235204808,0.8768253125158831,0.2791880889954024,7.629240507662816,10.523720939814831,2.8944804321520152
85002,1639.6436551724182,1679.1366699999994,39.49301482758119,494.90590000000105,604.042266666666,109.13636666666497,0.3028689477588448,0.35145707627758305,0.04858812851873823,316.29559655172466,245.5059050000002,-70.78969155172445,215.10037068965522,277.27706666666626,62.176695977011036,0.680050141107999,1.1177271199219332,0.4376769788139342,0.48813993687554935,0.7807581858237745,0.2926182489482252,7.938682155172415,10.841052574074078,2.902370418901663
85003,3131.480701724139,3333.2943183333173,201.8136166091781,453.0067534482745,542.5409583333333,89.53420488505878,0.14466436615511405,0.15890782773525736,0.014243461580143307,517.4376844827588,409.8850916666667,-107.55259281609204,198.47484655172423,249.43177166666638,50.95692511494215,0.3835827576249208,0.6037068209696888,0.22012406334476797,0.7091058734612872,0.9584862443938282,0.24938037093254106,6.297736475095778,9.227116930555557,2.9293804554597784
85004,2587.9608603448314,2747.998181666673,160.03732132184177,469.70888103448254,566.6729550000005,96.96407396551791,0.18173569448258178,0.2010368532771242,0.019301158794542417,465.88719482758654,357.2940950000002,-108.59309982758634,206.54512241379328,262.41338833333305,55.868265919539766,0.44334022410126794,0.7262040558594787,0.2828638317582107,0.5959578600552606,0.8716301068530529,0.27567224679779223,7.124983850574706,10.002097861111114,2.877114010536408
88001,1930.6174327586214,1984.5063783333244,53.88894557470303,492.69231724137876,587.9944633333341,95.30214609195536,0.25559499915113626,0.2889704735606131,0.03337547440947686,382.93147758620717,304.95483000000047,-77.9766475862067,205.67529482758644,251.49569166666652,45.820396839080075,0.5373836661288229,0.8128831955179812,0.2754995293891582,0.4245757608857459,0.6885077195740598,0.2639319586883139,8.245229329501932,10.927856828703728,2.6826274992017964
89002,3378.038768965527,3661.6204933333447,283.5817243678175,453.4881999999999,538.6531566666654,85.16495666666549,0.13424906863115466,0.14334091508867902,0.009091846457524366,551.7974034482761,467.67903833333344,-84.11836511494266,198.47753965517256,245.86753833333307,47.38999867816051,0.3590783848561937,0.5215044158291418,0.16242603097294805,0.7191660160992207,0.8988362341712584,0.17967021807203765,6.368695636973186,9.261478643518501,2.892783006545315
89003,3061.5080793103452,3264.9524633333303,203.4443840229851,449.2297603448269,531.8866333333344,82.65687298850753,0.14673718690363005,0.1592536053203323,0.012516418416702257,490.0600862068968,406.6572066666664,-83.4028795402304,197.33445344827578,244.68811166666688,47.353658218391104,0.4019122065452526,0.5971332030314129,0.19522099648616031,0.7503225203624169,0.9406927060042867,0.1903701856418698,6.498650483716476,9.419571541666695,2.9209210579502187
89005,3144.3137706896523,3386.7502233333403,242.43645264368797,452.0292534482771,535.238538333334,83.20928488505689,0.14376352982008564,0.15417616266167677,0.010412632841591135,526.9924155172416,435.3349583333329,-91.65745718390872,196.31982241379262,243.59326999999993,47.27344758620731,0.37226870436597315,0.5546346278434992,0.182365923477526,0.6937347598316094,0.9123062986796626,0.21857153884805325,6.477044262452107,9.380739245370359,2.9036949829182515
89007,2799.09670689655,3047.2542149999936,248.15750810344343,470.8150103448279,555.0682450000015,84.25323465517363,0.16824496170579212,0.17728907790310272,0.009044116197310603,522.6646155172405,459.3910950000003,-63.27352051724017,197.63810344827579,241.0045066666667,43.36640321839093,0.3779101374066363,0.5176747273335278,0.1397645899268915,0.5341680926090344,0.7271752747573246,0.19300718214829016,7.1525586111111075,9.89191207407407,2.7393534629629617
90003,3175.1275137931098,3411.4158716666625,236.28835787355274,439.19793275861934,514.3244250000009,75.12649224138158,0.1384764942035781,0.14649058706398407,0.008014092860405969,504.84543793103455,431.82753166666635,-73.01790626436821,189.00212758620665,230.7629533333332,41.760825747126546,0.3732458422108994,0.5291144481078321,0.15586860589693274,0.7608655828379708,0.9226912056388312,0.16182562280086044,5.898102318007668,8.765244472222237,2.8671421542145694
92001,2993.606193103448,3272.7003083333348,279.09411522988694,454.7876775862077,527.2166450000016,72.42896741379388,0.15256051024663436,0.15619654372802966,0.0036360334813952955,520.3891534482757,458.99054166666554,-61.39861178161016,194.76638965517256,232.38788833333348,37.62149867816092,0.3726489427677536,0.5005778625264483,0.1279289197586947,0.6359293470304217,0.7660847465389189,0.1301553995084972,7.447603884099603,10.205422796296276,2.7578189121966723
93001,2780.8478810344814,2975.6487750000097,194.8008939655283,440.5588103448264,510.4040666666675,69.84525632184113,0.15981228699941152,0.1666163872426112,0.00680410024319969,439.42995689655214,403.01518833333347,-36.41476856321867,189.24798965517226,225.05419000000023,35.80620034482797,0.42869957612701715,0.5535975373880511,0.12489796126103392,0.7591171391247801,0.8226556242429915,0.06353848511821147,6.674497816091961,9.489495939814805,2.8149981237228445
94001,2453.066249999999,2598.9778933333328,145.9116433333338,443.3725724137928,511.60850000000016,68.23592758620737,0.18205522453475298,0.1910509591659661,0.008995734631213115,385.8897413793107,359.7083783333332,-26.18136304597749,189.08132758620724,222.779735,33.69840741379275,0.487559239864335,0.6148719644963532,0.12731272463201815,0.7617086190165123,0.7976225573658868,0.03591393834937451,6.886028002873548,9.674240398148156,2.7882123952746074
95001,2214.586339655171,2336.9891799999996,122.40284034482875,443.7225103448275,507.9742283333334,64.25171798850585,0.2010839301157063,0.21137608830157636,0.010292158185870065,378.7510396551723,369.625138333333,-9.125901321839308,187.56216551724134,217.77725166666647,30.215086149425133,0.4930695129576461,0.5850332448509403,0.09196373189329421,0.616062674784861,0.6292972618576415,0.013234587072780468,6.882676681034468,9.603332564814835,2.720655883780367
96001,1135.384906896547,1059.33043,-76.05447689654693,459.05287758620716,541.7738416666675,82.72096408046036,0.4036971135632568,0.5016288621698008,0.09793174860654402,218.63543793103514,195.8260133333335,-22.80942459770165,194.8429086206895,233.2611966666667,38.41828804597719,0.8881461966229192,1.1845664470594963,0.29642025043657716,0.43241692373062535,0.49220729146630143,0.05979036773567609,7.318593318965481,10.12283665277776,2.8042433338122796
96002,1427.146291379306,1378.3170566666681,-48.8292347126378,453.0439155172414,532.0097866666656,78.96587114942423,0.3165201298396567,0.376440240220145,0.05992011038048828,239.24946724137905,205.12154000000032,-34.12792724137873,193.24148103448243,231.8468566666662,38.60537563218378,0.8039454459583266,1.1231919300965205,0.3192464841381939,0.6361557773964919,0.7226539429557545,0.0864981655592626,7.117542428160925,9.939363722222236,2.821821294061311
96004,2612.5187241379285,2644.364560000001,31.845835862072363,444.7926413793118,514.8979416666668,70.10530028735502,0.17047729875272039,0.18942590992753955,0.018948611174819163,408.1907224137926,373.17837666666685,-35.01234574712578,187.36347586206904,219.3333666666666,31.969890804597554,0.4566127453706511,0.5861892442076873,0.12957649883703615,0.7164568767773866,0.7461892606762268,0.029732383898840253,6.549031197318009,9.328947106481477,2.779915909163468
97002,1105.1405155172438,1045.4099816666667,-59.7305338505771,462.2888706896556,546.1503200000002,83.8614493103446,0.4178912002799071,0.5127313737976859,0.09484017351777874,217.7116206896551,197.53503000000012,-20.176590689654972,196.8150155172412,236.44035833333302,39.62534281609183,0.9013016156934289,1.1877595507667262,0.2864579350732973,0.388580024920925,0.45709930593732173,0.0685192810163967,7.443368673371641,10.231538166666656,2.7881694932950154
101002,831.1370534482744,831.9920216666669,0.8549682183925142,616.8425034482754,785.4302249999986,168.58772155172323,0.7421985908384899,0.9491921179078315,0.2069935270693416,146.63636206896567,95.19333166666685,-51.44303040229882,285.0042551724139,373.4373816666662,88.43312649425235,1.958224255833469,3.8764467031149956,1.9182224472815266,0.5112004212666574,1.0924931677595335,0.5812927464928761,10.489654329501896,13.80545789351853,3.315803564016635
101005,812.868767241378,823.0529049999975,10.1841377586195,625.4860103448275,790.633853333339,165.14784298851146,0.7695211565884463,0.9471987436364093,0.177677587047963,144.16323620689684,92.44075500000027,-51.722481206896575,289.2836051724141,373.9289183333326,84.64531316091848,2.0343857340140605,3.9914375944525062,1.9570518604384457,0.5062014449786483,1.0915938854846297,0.5853924405059814,10.265490718390812,13.527662875000019,3.262172156609207
102001,1099.9527000000003,1092.3166033333316,-7.636096666668664,559.6389275862074,686.6545499999991,127.01562241379168,0.5103029686773275,0.6257419728743447,0.11543900419701725,227.87351379310388,159.1610150000002,-68.71249879310369,240.76254827586223,303.3539466666665,62.59139839080427,1.063510075272654,1.876830283396185,0.8133202081235309,0.2848873816022921,0.772728622213742,0.48784124061144984,9.80978863984677,12.694804597222262,2.885015957375492
106001,1551.1540034482705,1584.6912583333342,33.5372548850637,472.0133051724138,538.2064733333325,66.19316816091867,0.3050879313151522,0.3322039049549497,0.027115973639797508,272.9386706896551,247.29662333333326,-25.642047356321854,187.0007810344827,217.34473500000013,30.343953965517414,0.6826184878413328,0.8606686260942151,0.1780501382528823,0.5966111364434267,0.664898016118605,0.06828687967517832,8.246345550766307,10.73641893518518,2.4900733844188725
107001,1155.01509310345,1223.2563783333362,68.24128522988622,444.8397620689671,505.81633999999923,60.976577931032125,0.3856514244864105,0.4102843164267334,0.02463289194032292,193.29623793103474,176.3245400000003,-16.97169793103444,186.87951551724154,212.3425616666668,25.463046149425253,0.9602093197958401,1.1989790939483638,0.23876977415252365,0.582120504631112,0.7737582303844752,0.19163772575336324,7.574704535440604,10.137745263888906,2.5630407284483017
